Episode,Scores
1,44.183750251702065
2,42.85770073619528
3,43.474408754601725
4,38.897600517358406
5,39.481020187477796
6,37.654568438059414
7,37.753695421507246
8,37.58072060158445
9,37.471014136563426
10,37.937094224224495
11,37.494333280018004
12,39.492277368183196
13,39.318568108470856
14,53.033544354642494
15,6.156537661569649
16,4.084374598804244
17,3.537742063143973
18,4.888549911833973
19,5.218966593196482
20,4.852366255694743
21,5.05433776933487
22,3.8960208940721683
23,8.559037031660962
24,3.574513957703669
25,4.977674051080017
26,3.2270147693424778
27,4.424605229856649
28,5.050519360396203
29,4.287819439251837
30,3.179666754065626
31,4.956817609893461
32,4.249328314801431
33,6.213993493634431
34,4.818808184591539
35,7.397030261053892
36,4.291742696500316
37,3.604104420141566
38,3.332835067692138
39,2.117198681710404
40,4.2632902961991155
41,5.38511308183888
42,6.18060213018614
43,4.409295760197139
44,3.7035797237493098
45,6.637258484540338
46,4.99610299598153
47,4.285818286896161
48,4.198438642014185
49,4.001968296488158
50,5.51306452603754
51,4.114544859638989
52,4.852885404877372
53,3.567155975834778
54,7.331720196865767
55,4.868123777108258
56,4.063290510397648
57,3.9197455009105115
58,4.195438476577637
59,4.066380992035016
60,4.699767936174693
61,4.044323150410061
62,4.436460504456275
63,5.519709260090476
64,2.1657199267654605
65,6.1907562132132465
66,3.869968889204637
67,3.9335254757044122
68,4.4131968016957295
69,5.861741130296895
70,4.067834473983447
71,4.834402854940891
72,1.9114239768395918
73,2.994748985512625
74,6.173340049504616
75,3.5708504710121676
76,5.2278199367429075
77,5.695909961767199
78,7.065623138244366
79,4.916698506463011
80,5.394205616148984
81,5.478192440894379
82,6.433405093708092
83,3.5414626000682627
84,5.065386009797591
85,5.378950358458028
86,3.825799475408642
87,1.762555979051624
88,5.980963500209691
89,4.005678722313352
90,4.994629234784611
91,4.311195905458858
92,5.4075754233562865
93,6.3340092862496675
94,3.6885797171917503
95,5.728395234196876
96,5.95853530180967
97,5.131544021828575
98,4.556222723153859
99,6.41761923620296
100,4.992993064941566
101,4.1936066951101285
102,2.1613376251977776
103,3.8280963328131605
104,5.05832585134063
105,3.967711342511929
106,5.130445555927013
107,3.9205958149201097
108,6.103792316215617
109,4.714559610975876
110,5.359450214488782
111,2.3648395278580296
112,3.87644234217389
113,7.177296484353642
114,4.659285967759609
115,4.0276321384411125
116,4.373586395760508
117,4.829133545174223
118,4.846067320085652
119,4.595656399055784
120,2.6574188699254164
121,2.7139429834911457
122,5.472032898078843
123,4.4090451475660855
124,2.483505651264211
125,0.39323976269103933
126,6.053532702632307
127,7.071556102267053
128,3.6588127461373636
129,2.2957063106269464
130,5.2556307351632165
131,4.476228003296792
132,4.102350875764992
133,2.3191020525317194
134,6.4984061212140976
135,3.96297700363502
136,6.086507390475
137,2.0302500780716053
138,1.8614392071765307
139,5.61245862214579
140,3.9856430457026533
141,3.9748318105619154
142,5.920213993771593
143,3.407791824812825
144,2.942270789794276
145,4.998217558757654
146,55.3514366450552
147,38.006909166269146
148,37.6131895393642
149,37.57748258611596
150,37.5592198015307
151,37.86738794501643
152,37.94848453681251
153,37.4635602256951
154,38.253745076569054
155,37.52499784113188
156,37.86001419874091
157,37.34073860384494
158,36.01206905143139
159,37.707621079228204
160,39.34832148999926
161,37.929242960226944
162,38.093523603409714
163,37.53153290879987
164,37.600781040185474
165,37.3371964524448
166,36.208816582185854
167,37.82763985261209
168,37.79475195009629
169,39.63516558690494
170,38.18129919823634
171,37.51843461788813
172,37.73826135443381
173,40.69084693191112
174,68.99644060457466
175,77.64670898410442
176,44.97972226245369
177,4.380824114298931
178,3.402664263490668
179,3.0766973309566445
180,4.117646481484219
181,5.37533771686004
182,2.754410518976096
183,3.9396857307598663
184,2.7102621977719874
185,3.4031736470025264
186,4.727312239378377
187,4.0694365840721805
188,6.051178657968682
189,6.931921263929304
190,3.0069006785190946
191,2.069549477193341
192,2.373909515131847
193,1.7705599703412125
194,4.490195941948201
195,3.3626526488538238
196,2.2880972377056645
197,4.848822269267274
198,3.1222775436874803
199,3.5433792095637604
200,1.4288661048444484
201,3.040733127550515
202,6.129320836620724
203,4.758236897816159
204,3.157569733434247
205,4.1191217699241705
206,4.208311289629023
207,4.906586163960862
208,4.852448927396235
209,5.224693480943722
210,3.323948291116379
211,6.499325342609126
212,3.9244241096117767
213,5.049167945879219
214,3.1195288220864685
215,3.6923817979878355
216,3.0520494319295866
217,3.1575291224889668
218,4.506879175163716
219,4.708462220423607
220,4.365411381747794
221,4.179571464707513
222,7.390416044674581
223,4.287309535879606
224,6.226454678845979
225,4.227136695773525
226,3.4842092462934304
227,4.042901773501256
228,5.668336198235528
229,12.723585411726338
230,5.859448170501702
231,4.353436667845191
232,3.5893202918763856
233,3.7625495601740484
234,3.9901831833843984
235,2.072017057788945
236,4.276896423237634
237,4.3122777172076034
238,1.8873835483444394
239,2.492982650494951
240,3.6523473034652048
241,3.9522017826707323
242,5.468455684781801
243,3.911134409765041
244,2.992230002661487
245,3.8634519391832134
246,3.4906945005923733
247,5.952782834580112
248,2.399873532528801
249,3.760129677189962
250,7.275522332546878
251,4.71558367669716
252,6.0966032518730575
253,3.3304765429778547
254,5.676504744891719
255,6.776682788617323
256,6.369997857913581
257,3.29270724020033
258,2.776585990811304
259,3.513771000119074
260,3.666938430070269
261,2.257642693570424
262,3.733892152742472
263,5.196103358940238
264,1.8478081502259243
265,2.873493128382506
266,6.833335695876813
267,2.1405419591839046
268,4.7234953290479815
269,5.419924853142477
270,3.5657915392340804
271,3.698494061600794
272,4.2791455938608
273,3.33199714818653
274,0.7796323043497715
275,3.125841058033796
276,1.6945126887110138
277,2.5626317895819626
278,5.695999405275444
279,4.0294071133251785
280,4.58565975058008
281,4.175702505707306
282,5.2243047337814605
283,3.9154888063428723
284,2.2787959672544345
285,3.355085213189777
286,2.6838994961466787
287,3.3948834530582004
288,3.7461633925967748
289,2.989353894724043
290,4.974186510658589
291,4.8165420082602886
292,3.267162962745954
293,8.838822729856666
294,3.684642275523784
295,5.187436645751903
296,3.003552184230768
297,2.780331334306743
298,3.350539720881482
299,3.0342946325781934
300,3.1020154041721724
301,2.2066560123222105
302,5.6605679142791745
303,4.3888260405432185
304,4.239988065783283
305,3.581347698055226
306,4.770885408780849
307,3.901333960835272
308,2.839244859516691
309,4.13588686097816
310,4.176201763556786
311,3.06947659626558
312,1.5890422635280457
313,3.806611303069505
314,5.919440184362401
315,4.761840508073066
316,3.232944441783032
317,5.049560160876089
318,3.3288642843679246
319,2.9198055400592144
320,2.65864085714356
321,4.7226967440915
322,2.458825224177187
323,2.2414259874138134
324,3.86710635908993
325,3.3818780566041737
326,4.070854094151234
327,4.6131232713845405
328,5.799818069605575
329,4.1701728353063885
330,3.6695987023384564
331,2.435635201781329
332,2.1299140503966605
333,3.5529940786675738
334,3.052283080422294
335,2.004633220868376
336,1.3568977558339053
337,5.121400073576751
338,4.6433472101480975
339,3.65452655461745
340,5.801764658907846
341,2.543920293407554
342,3.1463923792892388
343,3.5420742848971853
344,4.256317047371445
345,2.1948717851259145
346,4.8023715161406
347,2.6400123484206235
348,3.3983063706446917
349,2.259897603686089
350,4.399666199574383
351,4.6212596158802395
352,3.23360459902468
353,5.149479623118463
354,4.638681063258142
355,5.0437453040298665
356,2.991516866148735
357,4.9767597118796845
358,3.0751528853334893
359,5.188859378662111
360,4.633863410080771
361,7.071378684329307
362,3.7512991903413386
363,2.214346789242263
364,2.3931373987019304
365,3.0614776453443504
366,4.142324578391686
367,1.2029838143250327
368,5.589850162597417
369,5.823023835134097
370,11.579143311881884
371,3.452744107034783
372,5.823672488050359
373,2.0111771059234087
374,5.332430740223585
375,4.659759521057683
376,5.078926032952509
377,1.6313290283166162
378,6.263085415187328
379,3.4798365558937845
380,2.639751150184111
381,3.6390612898249315
382,3.4248436155466604
383,4.325564620286921
384,2.607623229481459
385,3.324609207633121
386,1.5271143398908913
387,4.836630073734921
388,4.189178655134608
389,1.6070467810002576
390,2.541523067736968
391,2.2140871494934653
392,3.092581276954784
393,3.8232459680090654
394,7.304670167341154
395,4.487508208484205
396,2.8884440118513632
397,2.403773203196293
398,3.7753624679405124
399,3.026842085045704
400,3.4784980041870406
401,4.336514774572925
402,5.355034164368998
403,1.3472089624449406
404,2.463739858261289
405,3.6758373119098984
406,3.9386460761595172
407,5.088441732840355
408,6.558038982419941
409,3.5597888499116754
410,4.740250408934334
411,5.871201874232264
412,4.3797018670391745
413,2.521911599013926
414,4.459259040112185
415,4.411826576052358
416,3.8895049246163924
417,4.986370681017136
418,3.481150441997473
419,3.3089998413955257
420,4.266682701438946
421,4.966435455178036
422,8.433265373864005
423,4.514067349765456
424,2.256283033884737
425,4.13347929471729
426,2.679600101784785
427,4.442900874807155
428,2.4864744962093828
429,4.116824976827314
430,2.6172472921100605
431,3.4767403624697497
432,2.9872516127349416
433,4.678672232713764
434,2.467715769795942
435,2.689964250994402
436,2.0202484713421978
437,4.2784427935010445
438,5.995430575601063
439,7.452754512501791
440,2.8865522639664203
441,2.2869412659655133
442,3.7942259479876315
443,2.6853248107604015
444,1.9295272593914496
445,3.0969515910501784
446,4.590664910446123
447,1.8798580089826133
448,1.6953364563420394
449,2.015209561544904
450,4.064441597508227
451,3.236178933513794
452,1.1181840041265063
453,3.0841544916448234
454,3.0253201087465316
455,5.25339497428141
456,4.702637954961188
457,5.5128995170988855
458,9.57371043649716
459,2.1478388511402264
460,3.1447120099943384
461,1.5711715582277792
462,2.8449532707585066
463,3.6657868616352873
464,5.384907187186085
465,4.8526923902137264
466,2.7490319815841024
467,5.752294254695668
468,5.042740509715706
469,2.588756158034135
470,1.625587871520267
471,2.8441622775683033
472,4.861272431428407
473,4.20916752701517
474,4.678563916906343
475,3.630372652150836
476,3.152910919827666
477,3.073910371354322
478,5.919459433880005
479,6.4751825749367065
480,6.502872745507373
481,2.7334052886698914
482,2.7952286004658267
483,102.13879395415333
484,39.03913992722855
485,35.98949327744382
486,39.46345239144929
487,39.182629004913494
488,44.246596255319936
489,46.81075148683124
490,45.30575487448371
491,35.58611517705791
492,3.458618649953203
493,5.796418465838488
494,3.5710224435900857
495,6.286098248584536
496,2.7971132894028656
497,3.1710178316764956
498,4.1343545544468725
499,2.560841708516932
500,3.0941729402077485
501,5.181195196187137
502,4.268408842878588
503,5.396588841702381
504,5.56042109199384
505,4.831698150913473
506,4.525443696918082
507,5.780859255496701
508,2.135193631151777
509,5.332372042183513
510,6.7969677570775096
511,4.619381705242391
512,5.888255266159954
513,3.4620054553389292
514,4.422519457262624
515,3.52462219571954
516,2.913646876027374
517,3.848066449700891
518,3.627184337733838
519,5.0541795858789955
520,4.650811944398161
521,6.991465708170915
522,86.56926216199433
523,50.29403083704041
524,41.44950310431992
525,40.31911287993564
526,48.14809536864231
527,50.852247145503306
528,39.07167887807798
529,37.52590198259637
530,37.80715706747244
531,37.82605610802528
532,42.78407153745389
533,178.33832159106333
534,221.79215721737359
535,118.3256643710135
536,9.506623463412005
537,13.126519657823335
538,57.00277956895727
539,128.04188939517022
540,57.96659723131907
541,25.195536404393508
542,15.166766556110526
543,13.655573264595407
544,6.916232679953361
545,8.828427656335693
546,7.720258005523579
547,13.51877077736134
548,29.65792151040675
549,96.49812285043986
550,37.472233590456085
551,37.2306599914039
552,44.192781538476126
553,59.543050445043576
554,260.0091331906431
555,51.83680853106554
556,63.777258606028674
557,117.50719016417418
558,46.448323204379946
559,62.38024042892421
560,145.08672764752026
561,36.98687273775202
562,6.531375911727869
563,29.633401388377212
564,98.09052597921152
565,22.959444531791707
566,20.23583592410349
567,125.22139293927717
568,36.107673650224804
569,37.596411513073896
570,41.75586324253806
571,44.09230801626964
572,46.19796627110902
573,60.857963780031206
574,40.332579940397345
575,44.16194990101774
576,45.584423001429634
577,41.97927744331426
578,40.61318014531935
579,37.28776429374868
580,38.48302675856153
581,40.199807381716944
582,37.98441917737276
583,39.1466180465542
584,38.01804954215324
585,37.526015575286564
586,39.14071820404702
587,37.65286334618964
588,37.62452125965381
589,37.894960292528204
590,41.284540370894526
591,49.429159695658996
592,71.85041123369862
593,626.8178179075311
594,37.72491584423767
595,37.21538859525804
596,37.21701386516109
597,39.43637121588922
598,37.23426674199593
599,37.86793667420776
600,38.9470049165126
601,36.02173720831143
602,38.95641268482308
603,35.9772761226345
604,39.61577168952281
605,39.025515918277414
606,37.99564186813477
607,38.03318043055618
608,39.14342159610716
609,37.528258018957345
610,37.922061603798085
611,37.58723182960198
612,38.95572795874021
613,37.34913665706232
614,39.02574750363498
615,38.768922123960685
616,37.794155463151746
617,37.550311925995054
618,37.637762820626236
619,37.632678685913405
620,38.9545586306071
621,37.67548853241483
622,37.92800907535002
623,37.63082965006211
624,38.606859147189645
625,41.344769154199824
626,39.94202490714997
627,44.35101608800378
628,42.767178931216094
629,37.36897046294612
630,37.949256944719195
631,38.75600726203484
632,41.7318038412954
633,37.21399758987275
634,37.43686688952253
635,37.448463994771586
636,37.79887110384691
637,39.28320288005465
638,37.77765346202962
639,38.93512576255472
640,43.8806947213403
641,50.38657327415527
642,45.40531224264146
643,39.065552292718884
644,37.573757315887754
645,39.10741944318989
646,39.149612671379366
647,38.947916585855005
648,36.2233733137014
649,39.10330080469156
650,39.17856731461441
651,37.81047558413505
652,38.05423371647166
653,38.86019998225086
654,39.25240218896596
655,35.96739305514491
656,39.43981516637649
657,39.64828520404415
658,39.40438581149605
659,36.03432305479988
660,37.269586189431735
661,35.99068933835532
662,37.248669590828946
663,37.748882689470925
664,37.52163854249183
665,39.31410894470983
666,39.23759079025131
667,37.725446581817245
668,37.50433210970366
669,37.55748155343498
670,39.10252316727748
671,37.3817523820919
672,36.20784109155276
673,37.497188159554085
674,37.18537626803366
675,37.698064102828596
676,36.197268702568884
677,38.994022853073716
678,39.24807116172201
679,39.176413336637665
680,38.97453245414541
681,39.405325023120156
682,37.834347748222044
683,37.80660441001651
684,38.90680446538415
685,39.018202364895714
686,35.947454563028835
687,35.96300788092924
688,37.56341621103008
689,37.55267226742249
690,37.49016812187224
691,37.55273168436353
692,37.56135152606798
693,37.600392865297756
694,39.43269856663675
695,37.738607109369916
696,37.398301977960465
697,39.13811142177248
698,38.07540906164085
699,39.61151127931787
700,39.3995769548669
701,37.98326953438567
702,39.251611579407495
703,39.11695604712317
704,37.694379653401974
705,39.33236690652763
706,36.09154888022442
707,37.70185242153947
708,39.273973700123896
709,37.50139917514927
710,37.33326618902176
711,37.48192620287488
712,37.35226076081341
713,39.1620823793255
714,37.89636938789381
715,39.06561141378066
716,39.2233979378685
717,37.8859418774397
718,39.081706382340656
719,39.228489433966544
720,37.809942364593596
721,38.15444696078884
722,39.20298052561126
723,37.353135118279305
724,37.72532772348228
725,39.29487894528088
726,39.15628093186046
727,39.161549152639665
728,37.275108883229606
729,37.62192853205906
730,37.59241903257323
731,37.601704779443025
732,37.638404261933125
733,37.64074447058629
734,37.21717939837722
735,38.01278283370437
736,36.10575353484885
737,37.84007345118117
738,37.44441310242951
739,35.987617964253786
740,37.50680470957817
741,37.45007352076962
742,37.51230081021216
743,36.214581253930795
744,36.13081792193578
745,39.09658559013924
746,37.874812741324796
747,37.634749292662
748,37.14632924675
749,36.2224838232047
750,35.910671729352885
751,36.09410108002378
752,37.5797186177814
753,37.48914995953581
754,38.025294015912344
755,36.11101383240991
756,37.91199789440771
757,37.636873244857576
758,37.673973179269986
759,37.984971710540314
760,37.560960427491224
761,37.88468116253369
762,36.04733608133285
763,37.90902893740868
764,39.67875944288247
765,39.16292267251776
766,37.80112244289023
767,37.820495379810076
768,37.997301807741216
769,37.87529520819299
770,38.963785072597766
771,38.00654926541579
772,38.099324553322084
773,37.69964693046766
774,37.72906869270423
775,37.3238062694443
776,37.869106207598485
777,37.86502924947777
778,39.375709079662826
779,37.60194771485634
780,37.3349054230011
781,36.207144312349676
782,37.745427065802986
783,39.186715993220204
784,38.83405788229782
785,39.371933110092534
786,39.276702635410786
787,37.84303390092365
788,37.72547367368851
789,39.21178336199497
790,36.12879642122768
791,35.96457496041436
792,37.64544457775666
793,37.47389508798661
794,37.65394625979364
795,39.01927419794562
796,39.082177963882174
797,37.54052224796905
798,37.61041469578826
799,37.25180221961727
800,37.93035314082631
801,37.29944850989083
802,37.87629817105047
803,38.0485895261054
804,39.18858206057837
805,37.706047814019136
806,37.69650159218292
807,37.977922110750264
808,37.86534476064885
809,39.298352725874686
810,37.6699238648749
811,37.730810426394676
812,37.573470312757536
813,37.456423488218846
814,37.54155180972122
815,37.880612825749225
816,37.43357054355308
817,39.01733151888572
818,37.40830646803919
819,37.630127553519955
820,36.15412437597448
821,39.232848429469996
822,39.25670312922866
823,38.99400514444471
824,37.950896137759194
825,37.33899324257847
826,37.872774879013804
827,37.27016862397959
828,37.67975814985513
829,37.7803419914945
830,39.32514409777439
831,37.93861337164629
832,39.374621205048456
833,37.46919152154849
834,37.62954587582708
835,39.027180590442114
836,37.41372179889707
837,39.0463198479272
838,38.071896325015324
839,37.61995711987141
840,37.741696130475454
841,38.069543347488576
842,37.86119588654973
843,37.48269098445431
844,37.93363486268491
845,37.461162115005514
846,37.65158608714768
847,37.28455528475563
848,36.03534876434064
849,37.638220656407675
850,37.56572548038336
851,39.53440184716602
852,37.56771662889471
853,37.32289311976988
854,37.74427003157756
855,35.92230344358014
856,39.28628958421892
857,37.35050842978282
858,39.004149468771764
859,37.468557710505166
860,36.27283171801291
861,39.119587931311436
862,37.721482053126536
863,39.148567658795834
864,39.557456312817756
865,37.67626869670589
866,37.36479122714136
867,38.027873939788996
868,37.87034325813323
869,38.225561634936135
870,37.75116660617124
871,37.53603450612118
872,37.927825912679246
873,37.83309320739188
874,36.02516099864828
875,36.22156739936114
876,37.438493762787886
877,39.31477923044159
878,37.49765047641323
879,37.83818521300304
880,37.73023830135987
881,39.04998481640254
882,37.76785655137421
883,39.14915933242399
884,38.10818375645273
885,39.47700638178863
886,37.937531745672196
887,38.06117854770369
888,39.37515301391373
889,38.07819968472682
890,36.10518510670524
891,37.40225717918387
892,37.20257657930411
893,37.6544685374024
894,37.16473764379756
895,37.79557735787129
896,37.68777445287617
897,37.53019769075842
898,37.688077254528245
899,35.72493625097395
900,39.39948265442835
901,37.543992874700535
902,37.505902628509936
903,37.76502226739382
904,37.530471186603386
905,39.29162261048575
906,37.24682617511135
907,36.13639052826825
908,37.94786407737373
909,37.67716855405902
910,37.34514493513765
911,37.410614612827565
912,37.7144002964737
913,37.40420131912589
914,37.2663694480483
915,37.98356394728451
916,37.76188858779205
917,37.530833256306295
918,37.92834134635341
919,37.65033395958727
920,35.951674482253935
921,37.84990530316477
922,37.45892779682107
923,37.952425195807585
924,38.01991831693887
925,37.54136946605711
926,37.782052782069506
927,39.47756981193983
928,37.9697457891933
929,37.666440728677486
930,37.57606798775958
931,36.11673309350219
932,36.35454456932486
933,37.681141419511896
934,37.4689228062935
935,37.87506197708934
936,37.663775643862266
937,35.94113946147354
938,37.88872534063786
939,37.96056976320697
940,37.19419524166252
941,38.01442188320658
942,37.91008527503887
943,37.70407264086588
944,37.79092268879205
945,37.714784285248236
946,37.88402321507053
947,37.80727065657202
948,37.97308055170529
949,37.669766440760135
950,37.21320864185424
951,39.45066071751915
952,38.10208706933781
953,37.518703420067936
954,37.5116792940865
955,37.78278882257855
956,36.196821314551286
957,35.86411274400692
958,37.46706676413523
959,37.79166493514367
960,35.719459542734235
961,37.70431997469981
962,37.51375210885992
963,37.99484712177336
964,37.379136204961206
965,37.81295520030239
966,37.97469496752755
967,37.70291971987897
968,39.32743147796436
969,37.368824392897764
970,37.87535986789675
971,37.57673378068836
972,37.469751923272
973,37.84944824443367
974,39.317497070733886
975,37.629476550660144
976,37.758034997552386
977,38.00109822612184
978,37.64886539208012
979,37.310473312229995
980,37.298471181991005
981,38.16536871912044
982,37.7110924613263
983,37.6808825035507
984,39.37186395183574
985,37.37103065937547
986,37.597070855418835
987,37.916015210938035
988,37.73614582181997
989,38.258399534367584
990,35.69938842698782
991,39.25158185655848
992,37.47249879408066
993,37.89835803299803
994,37.34882990249425
995,37.57362825714216
996,36.081117052191246
997,37.816857158421534
998,37.5798719348276
999,37.50482906904205
1000,35.98101177115965
1001,39.39241393139025
1002,37.30193241650161
1003,37.460896367978435
1004,39.25324687654953
1005,38.094232462146195
1006,35.979604126964155
1007,37.88690211744036
1008,39.47105661395107
1009,37.42058389190806
1010,37.957106390875765
1011,37.91014926768578
1012,37.350448011950476
1013,39.31376139603104
1014,37.9561834290848
1015,37.661629426953965
1016,37.810586745810575
1017,39.189959661716486
1018,37.28945559320824
1019,39.18152698686359
1020,38.00251073742995
1021,37.96603379603111
1022,37.98592317676539
1023,37.557280608066925
1024,36.08528246849006
1025,38.06901806019617
1026,37.675933331915765
1027,37.61181846404862
1028,37.50979561710671
1029,37.90432447017117
1030,39.17641703440157
1031,37.927705316765646
1032,37.196025157213526
1033,39.10020656791559
1034,36.308990341570556
1035,37.89104501137336
1036,36.092189608504555
1037,39.15270051553819
1038,37.82833785478579
1039,37.44296954680483
1040,37.54107469174442
1041,39.11369799996366
1042,36.236912725055106
1043,36.11642042508949
1044,37.752153753344
1045,37.3447168300206
1046,37.72383825619118
1047,39.576431925385734
1048,37.46727569399259
1049,37.720317011195974
1050,38.03205012583382
1051,38.044668516141535
1052,39.208666445616295
1053,36.06615581621737
1054,38.144596129809145
1055,37.545455310416436
1056,37.27224193287965
1057,37.8400007589481
1058,39.189838732012625
1059,37.314201154939056
1060,39.197721928378904
1061,37.34161041809057
1062,39.60552173539404
1063,36.171779531930696
1064,37.88645427210225
1065,37.74171741261499
1066,38.91909725830198
1067,38.12472399585949
1068,38.26817698476279
1069,37.39877914266702
1070,35.754760690571246
1071,37.632361007692275
1072,37.375562821756844
1073,38.01418338383708
1074,38.008376618986205
1075,37.8926626166297
1076,37.594330394783746
1077,37.40306602906858
1078,37.47789169386627
1079,37.70475191659463
1080,37.684722094330205
1081,35.969311614843434
1082,37.73180756851273
1083,37.28296828598283
1084,37.87893152591228
1085,37.50541643216776
1086,37.45345327811867
1087,37.47876771919147
1088,38.04606854728376
1089,37.83013661513737
1090,36.12511962477873
1091,37.582221263930855
1092,38.11266201788478
1093,37.872003987154464
1094,37.93027575806944
1095,37.55656667395678
1096,37.5241539703866
1097,37.51205028324512
1098,37.44452445159408
1099,37.73011445018588
1100,37.70807873834504
1101,37.529743530507574
1102,39.340626188197064
1103,37.76922481801389
1104,36.15965710883093
1105,39.33042440366651
1106,36.06676537557967
1107,38.09259493177451
1108,37.50110895719752
1109,37.17781402782626
1110,37.63743881145497
1111,38.04602021071375
1112,37.478027998072655
1113,37.75295760198552
1114,37.837520866840876
1115,39.052506191305866
1116,37.71329575333938
1117,37.918370442303534
1118,39.00831545131439
1119,36.07781007849337
1120,37.710529919940825
1121,37.44391780389873
1122,36.09584162590581
1123,38.975760424735746
1124,37.22338775701077
1125,36.127091021946065
1126,37.83789140065726
1127,39.27874638016588
1128,37.740182755496036
1129,39.14799827716288
1130,39.16729839190677
1131,39.548823730556705
1132,35.918176983460114
1133,38.94664405666832
1134,37.92610741237454
1135,37.68585904258806
1136,37.412266095739106
1137,36.26814369007443
1138,39.322832342457154
1139,37.88516121843192
1140,37.865700856318774
1141,37.85127389600108
1142,37.72054359845818
1143,37.51742009498848
1144,37.26412090254087
1145,36.04889497292436
1146,37.55124668617187
1147,37.397712782022616
1148,37.32597856198285
1149,39.24504558393132
1150,37.738132398467705
1151,37.5036520512231
1152,38.045354418181866
1153,38.207339570535126
1154,37.57683999040615
1155,37.568391016357545
1156,37.811585427011735
1157,37.97505670970048
1158,39.290397777938296
1159,37.71411343316928
1160,38.95958310948492
1161,37.572806465085286
1162,37.47227564067727
1163,39.112238830147874
1164,37.66592718775127
1165,39.12348881845974
1166,37.80725535093302
1167,36.238542339211655
1168,38.152839983977955
1169,37.940368284678975
1170,38.14830479998253
1171,39.46651365930563
1172,37.93438997779589
1173,37.90372722924162
1174,39.54457711486285
1175,39.53645670510835
1176,39.51064329012549
1177,36.09524704444919
1178,36.2760019937049
1179,37.56588391028635
1180,38.071236280308604
1181,39.49372491663224
1182,37.698854271738995
1183,39.886245391707
1184,37.80790304749173
1185,36.19572110059033
1186,37.469187292013075
1187,36.041540149914084
1188,37.60342037582052
1189,39.223409562016656
1190,37.669400723770146
1191,37.65108389777114
1192,37.75831906440416
1193,38.13375405218943
1194,38.21782678356404
1195,37.84574308405341
1196,37.406288804276564
1197,37.698467648523945
1198,37.812226785819846
1199,38.95990928649567
1200,38.129933990247366
1201,38.0456116589455
1202,39.26203407534614
1203,37.525523819776694
1204,37.42801402008508
1205,37.99329811247322
1206,38.15447679285238
1207,39.44937904771727
1208,39.30167605849735
1209,37.238982557748926
1210,39.15227382052002
1211,37.38824654879637
1212,37.126446729395695
1213,37.8383702969839
1214,39.50214135390381
1215,37.22511340223501
1216,36.013952357500976
1217,37.721013297787145
1218,39.44856354320152
1219,37.576492535834774
1220,38.085267221722575
1221,36.191333229114896
1222,37.387082220713076
1223,37.61414032469096
1224,37.66737781360482
1225,37.89635895946625
1226,37.51912951072867
1227,36.175227267725575
1228,37.915085936401546
1229,39.27971705785347
1230,37.66976522084816
1231,37.94181822158733
1232,37.799948499582385
1233,39.43720872677072
1234,37.65795562358888
1235,39.38977486659734
1236,38.0539642292272
1237,36.23611424058856
1238,38.09832927335236
1239,39.11840460908113
1240,38.084073063005484
1241,37.89539090952866
1242,38.19862122895362
1243,37.63699565968584
1244,37.6668247154175
1245,38.202304067777796
1246,37.66334492132762
1247,37.82580458603109
1248,37.54308710406561
1249,37.64823608022096
1250,37.460111556727355
1251,37.55750871168502
1252,39.23347422462274
1253,36.155169515768385
1254,39.05801669267813
1255,39.13588269209923
1256,37.433484685803826
1257,38.12906087626723
1258,39.42045644367618
1259,37.371962504133016
1260,37.89202652568782
1261,36.20468642939864
1262,38.99126014219582
1263,37.54244083727927
1264,37.547570432354455
1265,39.26875170763677
1266,39.316529148466785
1267,37.48781461854094
1268,36.015247691370504
1269,38.26213350477202
1270,39.483945060081055
1271,37.78844905627291
1272,39.51113623687576
1273,37.80716412737104
1274,39.24920010824053
1275,37.50554854147693
1276,37.25560814852791
1277,37.455377427133115
1278,37.48222452103785
1279,38.30412621137863
1280,35.74919176025537
1281,37.97467641628301
1282,37.774579637038265
1283,39.396506500344856
1284,37.46715734798131
1285,37.66474716064271
1286,37.71103777774304
1287,37.574474279834746
1288,39.10704745938011
1289,37.60453890683285
1290,37.875761152087264
1291,37.64730523985794
1292,37.92505164255078
1293,38.996621166329504
1294,37.59638853777513
1295,37.54742157215807
1296,38.13233798306568
1297,38.02352113354554
1298,38.08934203032027
1299,37.63125320833229
1300,37.43982874548382
1301,39.45997445915195
1302,37.906580628132645
1303,37.73147363635985
1304,39.48505665985943
1305,37.94128978418321
1306,37.41747883487069
1307,37.274926708725886
1308,36.184584073787796
1309,37.77214413384871
1310,37.528902137960046
1311,37.48801897901516
1312,37.813070251207286
1313,38.20315845666358
1314,39.22869278445096
1315,37.53925060021941
1316,37.554428914051364
1317,37.42206420948918
1318,39.17765535121801
1319,38.01170880882692
1320,39.126145637038256
1321,39.31307191239326
1322,37.2962450837179
1323,37.64507384931145
1324,36.12369484004103
1325,37.823727865159405
1326,38.1320360674758
1327,37.7608470897285
1328,37.52370776095219
1329,37.46081964587519
1330,36.14241078755358
1331,39.14024995068528
1332,39.83287249860845
1333,36.13338017517135
1334,37.551358939462226
1335,39.380738994220245
1336,38.11434970290324
1337,36.08331576831211
1338,37.92547676421552
1339,38.203051182258335
1340,39.394669218287646
1341,36.18424083749384
1342,37.5847580930629
1343,37.74383636225279
1344,37.69169418439452
1345,39.53608438468489
1346,36.101174189349564
1347,37.342248508380806
1348,37.86857645161316
1349,39.46140872311096
1350,36.1150693940929
1351,37.53569992902298
1352,38.117194104119875
1353,37.281760683966475
1354,39.26812927548395
1355,37.87806829101764
1356,39.339237259683934
1357,38.04354886328968
1358,39.49170406311883
1359,38.01192765200857
1360,37.4967157453419
1361,37.503538494614986
1362,37.21499672599113
1363,39.45268589444655
1364,36.23800554449128
1365,36.066483199411394
1366,39.367663236524464
1367,39.3510997508407
1368,36.19353928014361
1369,39.17705723308345
1370,37.40429832557543
1371,37.427423897096
1372,37.96336405605035
1373,36.04594428148262
1374,37.32452061399295
1375,39.8022867263955
1376,39.348469564827596
1377,39.208436374735015
1378,35.91103219589484
1379,38.20271462633218
1380,37.8599544168773
1381,37.4827289963315
1382,39.33343909691415
1383,37.8523616007434
1384,37.38162449816921
1385,35.889606866490446
1386,37.58487496479416
1387,37.76568154239752
1388,36.05963916414168
1389,38.2276914650977
1390,37.567200979319615
1391,37.59794011294793
1392,39.429175968183586
1393,37.75080452956689
1394,36.158035171497126
1395,37.319732472651246
1396,37.82402922413083
1397,39.5600640569748
1398,36.31192833352013
1399,39.546879798134505
1400,37.321792883775274
1401,38.13149282912845
1402,39.257660306134326
1403,39.459517726216646
1404,37.37962136163327
1405,39.75867256876957
1406,36.13119113582402
1407,36.081726971502256
1408,39.37307023396463
1409,37.57623088689859
1410,37.78625516709347
1411,37.8506574017536
1412,36.043592162357186
1413,38.03373961685583
1414,37.98352741019349
1415,38.88652810502532
1416,37.48157220450557
1417,38.03636572721084
1418,38.19577080111801
1419,39.4267077149296
1420,39.46096488789334
1421,37.588057049416065
1422,39.131199426581176
1423,39.683697453925895
1424,39.251565360767145
1425,39.25170237981304
1426,39.182726287675465
1427,37.66801608084987
1428,38.159484065526314
1429,37.85087456751418
1430,37.83283332393285
1431,37.591056710106606
1432,36.08974656918444
1433,37.30698553824546
1434,36.30598516661987
1435,39.4112925648668
1436,36.21677174372122
1437,37.55904279839735
1438,37.57911183622932
1439,37.99309256459395
1440,37.36882951281794
1441,38.06769852873592
1442,37.670021391836016
1443,39.21479020049873
1444,37.49524645648405
1445,39.29484847316386
1446,37.66578145722887
1447,39.51951985816907
1448,37.53678551413144
1449,36.27203896410473
1450,39.2818034867647
1451,36.04937589587159
1452,39.36124482163515
1453,37.37127293336776
1454,39.518423226342065
1455,38.04960235084283
1456,37.65940566355704
1457,36.19330369748915
1458,36.15711168138457
1459,37.445912679749185
1460,37.822383950972906
1461,36.18165914794046
1462,37.77968804629096
1463,36.16040384966337
1464,39.26698087560466
1465,37.324014769673326
1466,37.62144684486771
1467,37.526206662443705
1468,37.350288868033836
1469,37.685641275577765
1470,38.800777154386964
1471,38.12481538867347
1472,36.079647301195926
1473,36.169606429790406
1474,39.41252548146189
1475,37.72743432161831
1476,37.71125133395542
1477,38.020744108664104
1478,37.59238364951276
1479,37.66563979385363
1480,39.201584110262615
1481,37.691498712844734
1482,37.56183800252513
1483,38.15718976864285
1484,36.115041371468635
1485,37.708983150553195
1486,37.34850578018694
1487,36.22765377301819
1488,39.311616627027924
1489,39.09295957138387
1490,35.85916303650317
1491,39.40505028110826
1492,37.611704880112114
1493,38.04796794664785
1494,39.10837280384472
1495,37.749034816668114
1496,39.076099303926576
1497,39.13998239205049
1498,38.01887966406569
1499,37.43571714916012
1500,35.885224135218024
1501,36.28230827819263
1502,37.461344692298326
1503,37.78355131562687
1504,36.13986904479147
1505,37.78791914160687
1506,37.730087471670714
1507,37.53568626925757
1508,37.48077338614652
1509,39.484067611332726
1510,39.380418292135126
1511,36.104439858767066
1512,39.2718032281481
1513,37.63665532435992
1514,37.88027504112086
1515,38.00730166854438
1516,36.244042017591866
1517,37.69123284743966
1518,37.947382054999636
1519,39.32137452726411
1520,37.82233514512602
1521,35.97619355189219
1522,37.5982916948897
1523,37.616116848915446
1524,39.20157685083179
1525,37.675525771925685
1526,39.478121394159885
1527,37.91681015657446
1528,39.18982263556755
1529,39.29601903720336
1530,37.591426590848414
1531,37.635455827775715
1532,38.004068037673804
1533,35.926094958287095
1534,36.024746667964216
1535,37.909996522154465
1536,37.860090398569824
1537,37.82150766253967
1538,37.97649526253593
1539,39.50738370965582
1540,37.33230372121428
1541,37.53763680158231
1542,39.200285921740075
1543,38.06581473198467
1544,37.634732852247076
1545,37.714600443608084
1546,37.49894844380443
1547,37.792395723376394
1548,37.94336533784681
1549,37.736000189813915
1550,37.48213382372677
1551,38.92338300504512
1552,37.903615764930734
1553,37.95729488246754
1554,37.360011938395445
1555,38.97695337754375
1556,37.79514242474754
1557,39.18070889413066
1558,38.16000148269651
1559,39.1604283440921
1560,39.559332074326754
1561,36.17310125082939
1562,38.2449917954911
1563,39.21175040232566
1564,36.28970811513071
1565,35.73601828713673
1566,39.2928549813076
1567,37.92076134826539
1568,37.88299832910519
1569,39.29934867997737
1570,37.8509889746635
1571,37.73503919482876
1572,39.17920351059344
1573,37.63908281575655
1574,37.785433810320065
1575,37.33171073681317
1576,39.42534900692332
1577,39.61181723686979
1578,37.588921062824
1579,39.22850608847178
1580,39.2430370138675
1581,37.96906491355824
1582,37.68110389419603
1583,37.661227561352824
1584,39.324259592235904
1585,36.151308826178955
1586,37.5530802483928
1587,36.05561001812155
1588,39.17816781009923
1589,37.47794130086023
1590,37.64283705544169
1591,37.45146568406961
1592,39.10653708054883
1593,37.50889844905789
1594,37.488533560753766
1595,38.037586252562726
1596,37.648848848615266
1597,39.70777276761333
1598,39.315978525945766
1599,36.41215259448051
1600,37.986582822010774
1601,37.6038470293015
1602,37.64642103317986
1603,37.38895774677818
1604,38.025794054557466
1605,39.511291562156465
1606,37.881925667055214
1607,36.20888614919657
1608,37.933158763020934
1609,37.56272257049039
1610,37.11146339963576
1611,39.415564353030625
1612,37.798832355231696
1613,37.57260090842445
1614,39.1830207162852
1615,37.708796904437605
1616,37.62952687250241
1617,37.6683231468371
1618,37.83145138076075
1619,37.96586708058683
1620,36.02418454413761
1621,37.8431877765341
1622,38.973692339648196
1623,35.97960546320715
1624,39.701558292710125
1625,39.465781834831205
1626,39.44757458594047
1627,37.64968660978814
1628,37.54711274876933
1629,37.65939369102722
1630,37.44164940955446
1631,37.736167932172606
1632,37.40975053102438
1633,37.53719325862621
1634,39.24409589409756
1635,37.52233661111606
1636,37.86749971098277
1637,37.95974302524207
1638,39.30372660888616
1639,37.71625237139966
1640,37.82219718483492
1641,39.515225228490415
1642,37.62707476864968
1643,39.20321954829864
1644,37.52814779500393
1645,37.434746421305924
1646,38.13400618937632
1647,37.32061180439675
1648,39.4800544356488
1649,36.41434321791977
1650,38.005063669827265
1651,37.89433191564613
1652,37.99436651816147
1653,39.41742308870225
1654,38.01559152029662
1655,39.00722965737066
1656,37.82464687930134
1657,36.15238673800267
1658,39.26686248739945
1659,36.264549968117855
1660,37.5448433424074
1661,36.26562661867646
1662,37.370053816299425
1663,35.9232980724981
1664,37.357808517110215
1665,36.028001590729836
1666,37.67850756650644
1667,39.16347429950553
1668,37.53603918959999
1669,39.04650384867537
1670,37.865110548497306
1671,39.810260011829165
1672,37.49301860820434
1673,36.13465516647085
1674,37.47436620584008
1675,37.57918321107612
1676,38.10789552444782
1677,37.15143743140425
1678,37.669842256618786
1679,37.510600815244686
1680,38.08991330617532
1681,38.050793895870676
1682,39.53772585449139
1683,37.22108996725898
1684,37.7879566221885
1685,39.34737843695229
1686,37.65387029110844
1687,36.14850125315659
1688,39.13120389065698
1689,39.04887634434797
1690,39.401379824211716
1691,35.95589232199268
1692,39.37016298755342
1693,37.49812057454263
1694,37.53758722417047
1695,37.645227427724926
1696,37.49538852983089
1697,39.645569806375164
1698,37.92790534276218
1699,37.72836807090525
1700,37.77023000279962
1701,36.250031828264596
1702,37.80392034469699
1703,37.37809116961831
1704,38.99812191975846
1705,35.94038372508357
1706,37.91419652835681
1707,37.60008512132124
1708,37.94947240503946
1709,39.1881949481043
1710,37.62214259143507
1711,37.36009631448046
1712,37.3303715209764
1713,36.074604239226574
1714,37.51915131541522
1715,37.513262178755845
1716,36.401696308000034
1717,37.54450339278638
1718,37.95627722044715
1719,37.970489316053396
1720,37.63503275402726
1721,39.32418976244621
1722,37.94315416278936
1723,36.032503203047874
1724,37.94611409759281
1725,37.72951901930951
1726,37.344879618158544
1727,36.10261137628294
1728,37.84199573276419
1729,37.96728966058666
1730,37.76939664928207
1731,36.22965180152361
1732,37.28418943749299
1733,39.27210321206407
1734,39.435258440089534
1735,37.69168417286021
1736,37.87531010152894
1737,37.54123344765558
1738,37.53143766305404
1739,37.649791379297035
1740,37.91792875461152
1741,39.421403205287504
1742,37.62067829249551
1743,35.97874196312416
1744,37.934222755318224
1745,35.969991404775115
1746,38.06237066853585
1747,36.22467643972619
1748,39.28496292810175
1749,37.4347637064173
1750,37.50365447076874
1751,37.73063574103366
1752,37.637335238197096
1753,37.74877852550709
1754,39.16499864212702
1755,39.310257324685445
1756,39.33184379496441
1757,37.484114696665294
1758,36.24883161338873
1759,37.534100534001354
1760,37.41377807421684
1761,39.01560216184354
1762,37.748616346754524
1763,38.978622105119385
1764,36.082434187088495
1765,39.50590652787873
1766,37.90346735768983
1767,36.13036033921703
1768,37.7661942632812
1769,37.505207062175856
1770,39.18625290477375
1771,37.763763003077365
1772,39.311770070933804
1773,37.695515387244534
1774,37.40363237218835
1775,37.52441962420605
1776,37.632939718431714
1777,36.2896694670056
1778,36.35151720755991
1779,37.78356718351676
1780,37.78681257446291
1781,39.2590285508884
1782,37.51966575064099
1783,36.26253331251395
1784,37.658681398564774
1785,37.91321460695877
1786,39.440536505761706
1787,39.4729921425696
1788,39.34576828140717
1789,37.65983439976417
1790,37.93391874138961
1791,39.40885896285154
1792,37.92499424715522
1793,37.58316974864347
1794,38.10353750184371
1795,39.62351055529944
1796,39.3591427930339
1797,37.834996086517904
1798,39.30151511786346
1799,37.43461471923029
1800,39.25754184974629
1801,37.29134195160794
1802,38.102451194635876
1803,37.90097807036623
1804,37.724751310909
1805,37.73433818973182
1806,39.2983182007812
1807,37.7440226122313
1808,37.81505058897396
1809,38.29926820964246
1810,37.91983101371097
1811,37.655295287305236
1812,37.424134519213105
1813,39.019438242627345
1814,36.179188050729884
1815,39.242277768922946
1816,37.40749002985275
1817,37.7210486763279
1818,37.94982030173388
1819,37.88595654079183
1820,37.325092289393666
1821,38.08426278394663
1822,37.74279048121231
1823,37.620510013371465
1824,37.905666228977886
1825,37.94136735640473
1826,37.73168261966955
1827,37.7411777971473
1828,38.160253890289304
1829,37.62790352945428
1830,39.21535375167402
1831,39.386898356057976
1832,37.71717870933227
1833,39.30337528165146
1834,39.37614057668795
1835,38.04915000693046
1836,37.61724381749205
1837,39.68710353565002
1838,37.75595696190042
1839,38.04163010235124
1840,37.24670540450207
1841,37.91893190438783
1842,39.20847171254977
1843,39.31752421614531
1844,37.69417676759141
1845,37.8557882127751
1846,37.462760664528744
1847,36.16007047450144
1848,38.16335712064
1849,36.1548875100509
1850,38.0813348978576
1851,39.197706418888814
1852,39.19345485414249
1853,37.37770253360422
1854,37.68057972180888
1855,36.214079311307124
1856,37.703986638592944
1857,37.846911294905915
1858,37.76168662236334
1859,37.68135881487356
1860,39.28123733015143
1861,39.290481196110576
1862,37.75861089845185
1863,39.16475065753297
1864,37.634400861545046
1865,37.20855086176669
1866,38.07155885073404
1867,38.11299255726568
1868,37.89461035444952
1869,37.87257375477979
1870,37.566471724762174
1871,37.3618381056057
1872,37.49601044419597
1873,37.39901122903422
1874,39.20733211526806
1875,37.904989979079566
1876,37.59058828601236
1877,38.01280972677073
1878,36.15237729486529
1879,39.164519678298305
1880,37.39129586303993
1881,37.54502185882725
1882,39.09079775477869
1883,37.42258409879823
1884,37.668410075906536
1885,37.391045464452915
1886,38.03974278108658
1887,37.48811430128216
1888,37.45793245431726
1889,37.625774939023565
1890,37.24087888773135
1891,39.28990907684725
1892,37.696299795022085
1893,37.42663885941735
1894,38.028670990576565
1895,39.51229489222439
1896,37.69275060602937
1897,39.12489251801815
1898,37.98018755726605
1899,39.098147987674736
1900,37.658848255418555
1901,37.568208351471014
1902,37.662751223892904
1903,36.204251270317734
1904,37.61757451957221
1905,36.12399291896009
1906,37.86517857263927
1907,37.763133269309726
1908,37.973645745530085
1909,37.835809496374324
1910,37.57835251415919
1911,37.95046283823439
1912,37.517013134324905
1913,36.118383447033686
1914,38.97659078834383
1915,39.42400241355173
1916,37.677169741880974
1917,37.92514673519386
1918,37.4041810238048
1919,37.945309524744744
1920,39.18751960979539
1921,36.19119925559524
1922,38.27762818555514
1923,37.51160519487972
1924,37.28027876575145
1925,37.20717004128497
1926,37.791428337745
1927,37.34776436325996
1928,36.15691945269131
1929,37.93319771783968
1930,35.66787905519292
1931,35.87779084806452
1932,39.347785667903935
1933,37.4630033682806
1934,37.406195386521524
1935,37.502081234776966
1936,37.86422207657486
1937,37.59324835093397
1938,37.73165548396988
1939,39.40357892269275
1940,36.28442873849762
1941,38.08620373889247
1942,37.396455404994036
1943,38.20607126553385
1944,38.18478808416566
1945,35.914417538176174
1946,37.948609784540366
1947,36.19684901742432
1948,39.10458597053767
1949,37.163229562278765
1950,38.03616614628936
1951,39.14372238261144
1952,37.89287169780127
1953,37.30280369165292
1954,37.88213240460059
1955,37.98608110756536
1956,39.58471557506614
1957,37.70993030861952
1958,37.37803669443748
1959,39.202894367015524
1960,37.807576156360014
1961,39.23861428008079
1962,37.692245951676405
1963,37.458362824302185
1964,38.220997644812954
1965,39.237173875111075
1966,37.91109349203126
1967,36.30048842248807
1968,39.076343629793534
1969,39.22897633813523
1970,38.16820198904179
1971,38.047475098709434
1972,39.293498436042526
1973,37.775690039422734
1974,37.53285604925418
1975,38.03719875025678
1976,37.47870092385966
1977,37.79519892312288
1978,37.84065390865058
1979,37.92591540829432
1980,37.533850378044555
1981,38.20440231703328
1982,37.712994327355496
1983,39.20213980634369
1984,37.25736777851361
1985,37.73612536785096
1986,37.84531896058561
1987,37.576834676041656
1988,39.442750484014994
1989,37.54640244988208
1990,37.90129552279058
1991,39.21854383859697
1992,37.35921167469177
1993,39.244268523216164
1994,39.39115888969717
1995,37.87257951553172
1996,37.90201599836335
1997,37.73850666153418
1998,37.98533624163892
1999,36.11774808541811
2000,39.23542940935162
2001,37.43199872897917
2002,37.8871752112298
2003,37.891436306147696
2004,37.79841691291519
2005,37.875107829596516
2006,37.843344490585736
2007,37.90579225484368
2008,36.07830124341121
2009,39.18577043343441
2010,37.67251464084717
2011,37.857471292392425
2012,37.67722530959137
2013,37.3248790358739
2014,37.807872681010714
2015,38.10952099341913
2016,35.919630200218094
2017,35.67095340291917
2018,37.320901288739975
2019,37.59996555860823
2020,37.59929848883437
2021,39.12417653589092
2022,39.201796076259264
2023,37.68060074215459
2024,37.5871220436097
2025,39.30499769289114
2026,36.10075658368589
2027,39.18391952509548
2028,37.74519318276206
2029,37.68830227248194
2030,39.22069272086192
2031,39.04227823384923
2032,37.57927335116054
2033,39.59405892495979
2034,38.15242981869239
2035,37.69878970440203
2036,37.43931341413796
2037,38.002687212678445
2038,39.103084896538334
2039,37.444718740492796
2040,36.04480337896668
2041,39.47772224736878
2042,37.972129690239925
2043,37.869898872781235
2044,37.709350566508355
2045,37.34304660093952
2046,37.41110269068638
2047,36.16669924795066
2048,39.36375640683586
2049,37.47120670162796
2050,36.13275125509983
2051,37.96642335013351
2052,39.293820988649
2053,39.115143819422
2054,39.12512501974676
2055,37.77792052889486
2056,37.879610353483116
2057,38.06782179296011
2058,37.66803548999989
2059,36.13028155781325
2060,37.76690995898183
2061,37.455219832078704
2062,37.40688415248891
2063,37.91524280870042
2064,37.603573510821434
2065,37.97282298879628
2066,37.4427742391974
2067,39.27868180386302
2068,37.58021903701954
2069,37.92638494170783
2070,39.37733567377632
2071,39.782084621166575
2072,39.29848905255552
2073,37.912869539465234
2074,38.04651922115081
2075,37.96078921988537
2076,37.712964569426774
2077,38.25485169473229
2078,39.18563568826477
2079,37.378195082564105
2080,37.65301430973228
2081,37.5608898814377
2082,37.74276148055357
2083,39.16677491555698
2084,39.429862978718575
2085,38.078351363576374
2086,37.53316408529353
2087,36.24780884060349
2088,37.866970593100625
2089,38.14839526060491
2090,37.39712157054137
2091,38.178375972076616
2092,39.61872632568205
2093,39.42270460162083
2094,37.96936355562745
2095,35.92955891794696
2096,37.63006032167853
2097,39.222370566041945
2098,37.38578043555415
2099,39.35684308929911
2100,37.71068226179236
2101,38.89218782811285
2102,37.48788327190113
2103,37.2868477598093
2104,39.521591854783985
2105,39.14723440092551
2106,37.77275388563735
2107,37.91098200985057
2108,37.88492381430628
2109,38.168173784638746
2110,39.382513102330435
2111,37.39361362238862
2112,36.061627512646645
2113,35.89101207973739
2114,39.25402900518977
2115,37.720739271356855
2116,39.24713868989875
2117,37.262629297669946
2118,37.734916914773194
2119,37.83431076628003
2120,37.508621546937576
2121,38.143364992836574
2122,39.13050045176151
2123,38.95925182513567
2124,38.18202792686907
2125,37.51910729679889
2126,37.71791871138051
2127,37.716927314798774
2128,39.14300977123409
2129,37.58538420579737
2130,37.77619214592081
2131,37.59110665751887
2132,37.865295491421215
2133,37.346386046271434
2134,37.99788372082458
2135,39.40628146220742
2136,37.86946111839295
2137,39.13728901213572
2138,37.663878342734954
2139,38.1424315773507
2140,37.72562469330465
2141,37.69814812354361
2142,37.706547076431185
2143,37.70483381960644
2144,37.38327938200923
2145,37.46076226800554
2146,36.169294580933396
2147,38.144562087181534
2148,37.579444182368896
2149,38.01638733911477
2150,39.31023550882173
2151,39.56363673426465
2152,38.13175655419906
2153,37.992762102491724
2154,39.64514251169999
2155,39.440640191678455
2156,37.790837521793804
2157,37.66199153197583
2158,37.88086597644629
2159,37.83913825103327
2160,37.568179523164815
2161,39.48507047672612
2162,37.57149124297335
2163,39.39264187714319
2164,37.70114866654491
2165,38.01815645063502
2166,38.272187759055065
2167,38.04712477009162
2168,37.894984626463945
2169,37.8025521683464
2170,39.30426490488618
2171,38.076440675745765
2172,39.30447448134712
2173,37.95738150064792
2174,37.47793438576783
2175,39.26408167952428
2176,37.57076358379015
2177,35.65341934007631
2178,39.103666085767316
2179,37.55345850508827
2180,37.77809308392105
2181,38.127485552207006
2182,37.445216815947155
2183,35.87898237890726
2184,37.87549307430562
2185,39.40507182128723
2186,36.21077070475434
2187,37.45929387347581
2188,37.76099564771433
2189,39.346416065071985
2190,37.924055557476755
2191,37.42002247804225
2192,36.16978725288696
2193,37.53950067979201
2194,39.24437202266466
2195,37.71993790863338
2196,37.97499486730132
2197,37.8039160404405
2198,37.98748078396249
2199,37.39016794872472
2200,37.901076727074326
2201,37.565166452802856
2202,36.12341472704204
2203,39.38825570275271
2204,37.84427395887584
2205,37.5373546449523
2206,37.77847116122026
2207,36.06863929682617
2208,36.00388842955284
2209,37.525667188772516
2210,36.12295072591531
2211,37.80968892748925
2212,38.0063796655792
2213,39.11528311333524
2214,37.94977608596152
2215,38.99906232241303
2216,37.264188927858875
2217,39.30567325927963
2218,37.63191194753894
2219,37.638832372843694
2220,36.300154856790876
2221,35.836564324496074
2222,37.922167023092314
2223,37.71707693868222
2224,38.09878330267356
2225,37.87075164075634
2226,36.375279216570505
2227,37.8180505953161
2228,36.02153412594636
2229,35.750226070341135
2230,37.79687575127059
2231,38.81536338261328
2232,39.28371896301993
2233,38.10536418183036
2234,37.21558378287274
2235,37.65095471964107
2236,37.24474923111273
2237,39.41041936338676
2238,37.776536416646394
2239,37.865250989048405
2240,38.12576433525281
2241,38.05555186872967
2242,39.47863709419235
2243,37.931585808030064
2244,37.74053789667332
2245,37.41594863905909
2246,39.44810968601869
2247,39.31482147540506
2248,39.1498578647873
2249,37.60507207395364
2250,37.95323224361637
2251,37.691660695024424
2252,37.7982687801585
2253,37.94539607636668
2254,35.81420796474717
2255,37.90192639822392
2256,37.41319238016361
2257,37.59048438186153
2258,37.668631521970134
2259,37.60992023279749
2260,39.34154713026981
2261,38.13101242609483
2262,38.09460405421274
2263,37.43234405791249
2264,39.17150360050145
2265,37.815993664391556
2266,37.32955545254376
2267,37.934532486212746
2268,37.971247540382464
2269,39.298114851092166
2270,39.00219196857518
2271,37.98147707825703
2272,36.09663502879795
2273,37.893018794089556
2274,38.15930236835127
2275,39.6160563188113
2276,38.00050719947184
2277,37.81302945991465
2278,37.771946256061874
2279,39.16166463977773
2280,37.573106421099006
2281,37.910773109841585
2282,39.569387936264086
2283,37.539442113717975
2284,39.130640161751984
2285,36.09928193471743
2286,37.68325826635899
2287,37.580257386310194
2288,37.5209356101523
2289,36.073032240245695
2290,39.16732163806244
2291,39.18710450078106
2292,37.90289538931919
2293,36.21943011073347
2294,37.78672213058945
2295,37.96617870938489
2296,37.61287266007025
2297,37.666338066414156
2298,37.536508880707736
2299,38.02859059052109
2300,37.74674068096296
2301,39.26310554202536
2302,37.87291888623172
2303,37.96672875385626
2304,37.66720962261222
2305,36.12647143813617
2306,39.268403024719895
2307,37.752414935461765
2308,37.81506163867094
2309,35.97925558901136
2310,37.928596666812396
2311,39.16548021318561
2312,37.89602529760193
2313,37.55853763786991
2314,39.22063840122288
2315,37.48494375177519
2316,37.809529536026474
2317,37.71340264673127
2318,36.02766675342053
2319,37.77691164395
2320,36.140686129411165
2321,38.11174280370648
2322,38.09644922449856
2323,38.01762840751165
2324,39.25595908629821
2325,39.26674084266711
2326,37.38607980745048
2327,37.590224036896856
2328,39.48087296444007
2329,37.91236098375653
2330,37.91281121938945
2331,38.014111602246054
2332,37.871379255774784
2333,36.03782872225241
2334,38.11192632723318
2335,39.06728041540588
2336,37.95133074938985
2337,37.4953386086197
2338,37.48565533062823
2339,37.90287453422058
2340,39.14969089877147
2341,37.402605221220504
2342,37.946483948333906
2343,36.06792386552405
2344,37.84949824830871
2345,38.001145825579506
2346,38.07791487894393
2347,39.10501047117375
2348,37.77545949633752
2349,39.20705823920924
2350,37.80907076888763
2351,37.219719783411286
2352,37.817677326463766
2353,37.70927226035795
2354,37.971980611243
2355,37.453205363942345
2356,37.99573677528022
2357,37.41819821182109
2358,39.473077262224166
2359,39.12784430779286
2360,39.425463449345365
2361,36.10360085408982
2362,37.60737091598172
2363,37.73197889305397
2364,37.402234526978596
2365,37.50626563378748
2366,37.770894121519554
2367,36.21878532363285
2368,39.05425523457301
2369,35.98322505993813
2370,37.86045586046787
2371,37.476300328527444
2372,37.53892792035787
2373,37.41093558718289
2374,37.788785465818435
2375,37.91014667479577
2376,39.12906248024006
2377,37.74201782732349
2378,37.39478784236709
2379,37.83116880759447
2380,37.64287766096345
2381,35.969152816222724
2382,37.62975305225069
2383,39.46332062819737
2384,37.682847480985444
2385,37.63071022161357
2386,36.05311407896125
2387,37.37617651518937
2388,39.183689817737815
2389,39.181015048994134
2390,37.57618097295096
2391,37.868591846616695
2392,39.128432470290576
2393,37.73709019428648
2394,39.70885859484099
2395,37.623257939889896
2396,38.1068711698598
2397,37.26236065953306
2398,38.16482255062205
2399,39.14257754887569
2400,37.47239206669288
2401,35.97126303280851
2402,39.19712038306153
2403,39.12883490352979
2404,37.59735865698669
2405,39.27497212018705
2406,38.03193038682944
2407,37.71344506911102
2408,38.02098568174023
2409,39.417455346538695
2410,37.42694764195966
2411,37.61885096111234
2412,37.40727217362245
2413,37.78906886260658
2414,39.51851309870071
2415,37.56413400047138
2416,38.08672968904233
2417,37.41203350077956
2418,38.06920989571544
2419,37.394300130453935
2420,36.22548197877942
2421,37.33997404519079
2422,37.565922326097805
2423,36.13562347976438
2424,39.51141946458535
2425,39.30913815222458
2426,39.19815607012078
2427,38.06449196276311
2428,37.99916933569495
2429,38.26000594551434
2430,37.76467321248173
2431,37.91094346986703
2432,37.882692905925026
2433,37.6234029277408
2434,39.26759898615287
2435,39.33724908126845
2436,39.64072390617634
2437,39.28530452531888
2438,39.339101957714
2439,37.274950336639414
2440,37.76531682788928
2441,39.058881103799436
2442,37.63279082194513
2443,37.843706448220125
2444,35.87823069246299
2445,37.43784056175863
2446,36.08282862753818
2447,37.579605319085914
2448,38.11724065192936
2449,37.863168469709095
2450,36.34156699452438
2451,37.62414846628007
2452,37.802523732063776
2453,37.48990066983313
2454,36.10772901781517
2455,37.74813340094231
2456,37.512578643916875
2457,37.73521302840924
2458,37.736858569361274
2459,37.790871815609385
2460,37.418988879579224
2461,39.46854984983194
2462,39.51050558218921
2463,38.13820204432646
2464,37.88383386975855
2465,35.87867168785115
2466,35.951531765782434
2467,37.75262930264901
2468,37.458379335811955
2469,39.219155924943344
2470,38.01430101561361
2471,36.016706001073956
2472,39.10950806355367
2473,36.130931494247264
2474,37.822825277557804
2475,37.451371263238876
2476,37.440537798706934
2477,39.35575062355153
2478,36.00639882514732
2479,35.94418727780986
2480,37.42560637738437
2481,37.54406786191689
2482,39.45199667433245
2483,38.180727540818
2484,37.57099923549781
2485,37.83580315606178
2486,37.78874632692599
2487,37.36154544813763
2488,39.262038373896914
2489,37.96053926959645
2490,37.65123980776164
2491,37.50815006020532
2492,37.77353519501434
2493,37.48012403705856
2494,37.57130332145151
2495,37.47284249406159
2496,38.86122529547862
2497,38.14287074939103
2498,37.88703793803172
2499,37.97590466275762
2500,37.976801426121924
2501,37.80660003534458
2502,36.21425676590985
2503,37.96352320472045
2504,37.657361342074005
2505,37.92889986133107
2506,37.57161073510215
2507,37.391525376237944
2508,39.13480117158129
2509,39.20603220499433
2510,37.974625346965055
2511,37.678877204178285
2512,37.923971539130484
2513,39.423174619893956
2514,39.60251645272368
2515,36.41069883899525
2516,38.10710142828758
2517,39.35700182567743
2518,38.16619546685094
2519,39.67673200660253
2520,37.34602369539297
2521,35.90033242004578
2522,37.641523189555315
2523,38.019595435011155
2524,38.098902361624326
2525,39.47601629571018
2526,37.89882385828285
2527,37.34504265776036
2528,37.747569029861424
2529,37.60271993889656
2530,37.41779353670642
2531,37.94518977162801
2532,37.397998074035016
2533,37.93533472018027
2534,36.15759511643668
2535,38.08258788027211
2536,35.68088964695985
2537,37.55649393559018
2538,39.39272551749369
2539,37.66389617231723
2540,39.27133728734471
2541,37.65946262887394
2542,37.69252909767111
2543,37.53397039822105
2544,37.63505673972271
2545,38.148538430507266
2546,37.90123215750603
2547,38.01475033638783
2548,39.46384900813734
2549,37.5613781437449
2550,35.94912657077177
2551,37.27567332455179
2552,39.299214118079625
2553,37.82948394728528
2554,36.0501472356735
2555,36.167858816409584
2556,37.667845383532445
2557,37.33040263603532
2558,37.59779499080493
2559,37.80442659233113
2560,37.56342314506992
2561,37.63186693191648
2562,36.08045543755059
2563,39.80879597986495
2564,38.13782385523905
2565,38.01428459280348
2566,39.25723683762453
2567,37.63805595856803
2568,39.30540391475742
2569,39.14759334482389
2570,37.911984552869036
2571,37.86527159045404
2572,36.31512529773624
2573,37.86620799752619
2574,37.5119101504211
2575,37.98069119577774
2576,37.97931882619192
2577,39.34534981845996
2578,36.19353494239016
2579,37.75856007595786
2580,37.322850575255366
2581,37.46080950165117
2582,37.66052855451324
2583,37.31762526515967
2584,37.8494872515534
2585,39.406072020815515
2586,39.02803650860993
2587,39.28109835993182
2588,37.51674055204662
2589,38.8657905293129
2590,39.30299062182576
2591,39.248501892919116
2592,37.40965591618001
2593,38.04753884474224
2594,38.1370031102099
2595,37.71777183735973
2596,37.964925347252176
2597,35.691030295354565
2598,37.91845332871189
2599,37.946604298569426
2600,37.553839268511005
2601,37.44703457012583
2602,39.10957703398502
2603,37.71179657677668
2604,37.783575785678615
2605,37.86259931813662
2606,39.08317442776522
2607,36.021332868029305
2608,37.62291701517614
2609,39.45048020694747
2610,38.13755908967044
2611,37.93133163488901
2612,37.99865851513699
2613,38.071534387459636
2614,37.66882215750953
2615,37.92762523475534
2616,37.92225239056422
2617,37.8913455398472
2618,37.84272551632295
2619,37.85983398757682
2620,36.061570543500565
2621,37.47185320124275
2622,39.28479611075825
2623,39.367539095335985
2624,37.63451521726966
2625,39.518985770080064
2626,37.18759377099144
2627,37.737087606664005
2628,39.21101204405992
2629,37.941265215953564
2630,37.77620345212307
2631,38.95102612297694
2632,39.248112280816706
2633,39.49038416579158
2634,37.4932924828591
2635,37.578598539632935
2636,39.24377619288624
2637,37.842965943739316
2638,37.29967740412671
2639,36.26021005244324
2640,37.541328262151296
2641,37.342768165319804
2642,37.637124624233536
2643,37.56053532397671
2644,37.55417094298953
2645,36.056553589958845
2646,37.44710927762101
2647,37.54900340694552
2648,37.64295893101209
2649,37.74391435363202
2650,39.17334812915804
2651,37.83602944465714
2652,37.593671713160894
2653,39.08834728192239
2654,37.49500582505927
2655,37.66353562042855
2656,36.286620663083376
2657,37.89939234090693
2658,36.21048378535249
2659,37.946103092361156
2660,37.70707062404681
2661,37.78109314538963
2662,37.74472287500027
2663,38.07133715925661
2664,39.1818779700631
2665,37.6470592231357
2666,36.25653226669039
2667,37.89354335686627
2668,39.20370372431657
2669,37.730134204812266
2670,37.60814000703584
2671,39.617276331983284
2672,37.413384362635256
2673,39.48074266880708
2674,37.28136210300699
2675,39.164075654812706
2676,37.9374767232775
2677,38.047366933492434
2678,37.865335411202445
2679,36.13289855183255
2680,37.91163567905249
2681,37.93920963832344
2682,38.193371270683386
2683,37.28789158640408
2684,37.727223167125864
2685,37.93915703712734
2686,37.86475737852083
2687,37.61145707541153
2688,37.348664956460176
2689,39.437660496332285
2690,37.60341928215572
2691,37.8619324637525
2692,39.2842736634308
2693,39.376155037105654
2694,39.351174602043415
2695,39.16840287818537
2696,37.426245816159685
2697,36.288635440172264
2698,37.50026993065591
2699,37.90649908340704
2700,37.93793155475927
2701,37.55756039879934
2702,39.323442009496624
2703,37.62643760398816
2704,38.037124830293486
2705,37.98922817743376
2706,37.92887539267597
2707,37.70495655193526
2708,37.89786602906365
2709,37.833978483685506
2710,37.767637426131685
2711,39.30209171106124
2712,38.03798772199711
2713,37.955436998349306
2714,37.52636169281345
2715,36.185724879846354
2716,37.888933996271795
2717,38.21403130126788
2718,36.16178603931095
2719,37.65985570003484
2720,37.536634002677104
2721,37.21826199526597
2722,39.2067229203926
2723,37.47556847494606
2724,38.11792176865838
2725,38.005786231310076
2726,39.52838206279717
2727,37.90641563346137
2728,37.90659806431981
2729,36.10577556967938
2730,39.32857627137617
2731,38.02234035101992
2732,37.365862166551864
2733,39.185567074851186
2734,39.344895507718114
2735,37.81425947963377
2736,37.42805364900629
2737,38.94897157251126
2738,37.7500713849855
2739,36.23842635503859
2740,39.54195045781868
2741,37.85598014458596
2742,35.885722394240155
2743,39.26518035886179
2744,37.50399172880768
2745,38.096020423774235
2746,39.21378893500347
2747,35.84130889466126
2748,36.13820347976235
2749,37.45900477048787
2750,39.02939437996349
2751,38.19429529726847
2752,37.93691858050407
2753,39.18036822161012
2754,39.194819917974236
2755,37.49137311079931
2756,37.366637127814116
2757,37.832668584800835
2758,37.74995094852904
2759,37.38572368030913
2760,39.27179589058839
2761,37.811488117435005
2762,38.99021892946342
2763,37.58376853822816
2764,37.96147424388578
2765,39.05261223832698
2766,37.59884797722475
2767,36.198971696388035
2768,37.51220155392277
2769,37.685541955981854
2770,37.37130489299139
2771,37.81674401386487
2772,37.78158475734383
2773,37.952305460395436
2774,37.669854646377395
2775,39.44653117609152
2776,37.60091164672503
2777,37.98151899111848
2778,37.356118547340685
2779,36.056379032052426
2780,36.070321437874185
2781,36.16120101753117
2782,38.232375634689895
2783,37.87470302178256
2784,39.42042526570711
2785,36.13723793145877
2786,35.872904494962995
2787,37.817025362378274
2788,37.665718327932716
2789,37.757882179230165
2790,39.26401376674932
2791,36.04811005227531
2792,39.44363603003045
2793,38.99409646656673
2794,37.880458322197235
2795,37.79683223369782
2796,39.42381322007206
2797,37.522966870740866
2798,38.09433933669954
2799,37.35739365381316
2800,39.48660837388416
2801,36.42837535647098
2802,38.141979304084515
2803,37.83705041250579
2804,37.69349969050502
2805,37.65961632786739
2806,37.90475400350621
2807,37.75371285535846
2808,37.69410866606023
2809,37.898077507065814
2810,39.20510020171685
2811,37.74582863375282
2812,36.01363159257424
2813,39.19234937436438
2814,37.763593850904705
2815,37.48882997210014
2816,37.44582776227672
2817,37.54648386269516
2818,36.07749444618858
2819,37.641861169390836
2820,37.42723754399471
2821,37.70219901544706
2822,37.442330100903234
2823,37.760216257881694
2824,39.33512203329742
2825,37.61892544851692
2826,37.4222827752795
2827,37.27580168733121
2828,39.05107816192964
2829,37.64400465148274
2830,39.13271701141712
2831,39.29170003658531
2832,37.926022162090774
2833,39.146839458879974
2834,39.367996014613304
2835,37.817081828103916
2836,39.07887314317168
2837,39.129326911357694
2838,37.45856212655104
2839,38.011369249684854
2840,36.19921194450341
2841,37.1430794604209
2842,38.0691951637082
2843,37.59173373586304
2844,37.633907839490504
2845,37.9740364557439
2846,37.851538471859556
2847,36.254659641274614
2848,37.77417997103114
2849,36.3776818455282
2850,37.77625387977285
2851,37.72455665976698
2852,38.03103813998752
2853,37.54310292961325
2854,37.77240730830188
2855,37.45376422148974
2856,36.05769944228227
2857,38.14546500446605
2858,37.70378621293331
2859,37.875840433871794
2860,39.40152149624948
2861,38.04491202715853
2862,37.9609476225341
2863,37.71942034366585
2864,38.02708491765823
2865,37.48258873258128
2866,37.71815902666683
2867,37.34410687159962
2868,37.67519704996482
2869,37.90964921534161
2870,38.03026858590193
2871,39.33203594405293
2872,37.576968314820036
2873,37.56272105692808
2874,39.31050224671785
2875,39.38362144784066
2876,37.677256282340664
2877,37.75016008951218
2878,37.822122652022905
2879,39.45148227694145
2880,36.15939537477543
2881,36.236693303340914
2882,39.092382733927046
2883,37.36513982205947
2884,38.05665466691703
2885,37.45075692299536
2886,38.02828515441815
2887,35.93958577873277
2888,37.90270273498952
2889,38.0299597324975
2890,39.198432229753315
2891,37.92008177273656
2892,38.090835472071
2893,38.073924626243866
2894,37.427029668314844
2895,37.59513146935408
2896,38.04005798996994
2897,37.529098556785215
2898,37.72780050763661
2899,38.03071877551224
2900,37.909028064936535
2901,37.57310737436096
2902,37.89466248982469
2903,37.62526679674354
2904,37.941429595743415
2905,39.15973114567968
2906,37.6882341787272
2907,39.33579857049115
2908,37.54750747468758
2909,37.75674188074135
2910,38.077221901245764
2911,37.74132766757483
2912,38.14761454928571
2913,39.36605243702113
2914,37.975733298475404
2915,37.96291630801692
2916,37.3463300998895
2917,37.9486499958419
2918,39.16703188892901
2919,37.30411406158919
2920,37.90152871468973
2921,39.136107079821905
2922,37.65065593566218
2923,37.6922620413214
2924,36.24367583844578
2925,39.08142572345513
2926,39.08422781929848
2927,37.9118081412039
2928,35.830167442936514
2929,37.2528246170513
2930,36.22124396692166
2931,36.13667161470674
2932,36.00343684600276
2933,37.83133516594247
2934,37.53444358310195
2935,39.172251636882244
2936,37.898143216022696
2937,38.00043646267367
2938,37.988563178720796
2939,36.15501531679153
2940,37.28340643945855
2941,37.98805774577421
2942,37.850785233305444
2943,37.98385182983614
2944,38.09878357552763
2945,38.20070773943237
2946,37.721902342785334
2947,39.29152453715294
2948,36.24191429182556
2949,37.74647914493856
2950,39.005358068291244
2951,36.058945838298165
2952,37.92951427974152
2953,39.385512355937884
2954,37.70362954346192
2955,35.95649471456377
2956,37.62447464176745
2957,39.381192991556965
2958,38.153426244223816
2959,36.222129163036456
2960,37.88041018023563
2961,39.524413085258374
2962,37.83951027664904
2963,37.89681314343923
2964,36.05622170341357
2965,38.07631544243252
2966,37.83502626801637
2967,37.36175091679852
2968,39.41261747788138
2969,38.22914147632597
2970,38.12142589081654
2971,39.29245596262849
2972,37.65248617243044
2973,37.4138955309995
2974,37.54630252442635
2975,39.52604822547706
2976,38.09135892562918
2977,36.1583464115147
2978,37.81311631799967
2979,37.38372433243489
2980,36.15367644237606
2981,37.77742248452266
2982,37.573153335865854
2983,39.25535794299444
2984,37.59639322355931
2985,35.931280657850905
2986,38.98866403088923
2987,39.29437197952921
2988,37.98081425850968
2989,37.560733134545856
2990,38.972646196470095
2991,39.39451214420372
2992,37.86370751678601
2993,36.25030900977211
2994,39.10817585622232
2995,37.83611649520888
2996,37.6269441190448
2997,36.335994547378306
2998,37.54178897810578
2999,37.58991113717546
3000,36.094602565364305
3001,37.513027457837694
3002,38.01893449967239
3003,37.93683602479883
3004,37.270019741795124
3005,37.961581879397045
3006,39.79257904373201
3007,39.55868215970873
3008,38.11249876702483
3009,37.421500231473765
3010,37.55686294112396
3011,37.62298848429358
3012,37.65296507997023
3013,37.97285412577972
3014,37.79472358076341
3015,39.15192580260041
3016,37.4705575946925
3017,37.32615125612455
3018,37.72247604694217
3019,37.63090581936316
3020,37.885001166057805
3021,37.97957863772815
3022,37.813277591780725
3023,36.0470412194277
3024,37.54823617168174
3025,37.637072813485766
3026,37.96235308790953
3027,39.38464079778557
3028,37.49349429780038
3029,37.96892221981376
3030,39.067061779893166
3031,39.402415423665126
3032,39.417307276198535
3033,37.338789062315215
3034,37.39071003014774
3035,37.95970919630664
3036,37.74222860070183
3037,39.59476914564445
3038,37.367206105716946
3039,37.910918261014274
3040,37.81787530422364
3041,39.290995799705165
3042,39.45284715483828
3043,36.205425612256875
3044,37.4268231884281
3045,39.424370133074305
3046,39.25109255493292
3047,39.345224936293576
3048,39.19716218803092
3049,38.063936819733016
3050,37.2769703600115
3051,37.62720798296707
3052,37.997648461124214
3053,38.03011008325225
3054,39.18263609308442
3055,36.16674273719858
3056,37.902892741235085
3057,37.91105973112219
3058,39.90673416960974
3059,37.716884900350436
3060,37.64009924001243
3061,37.82357425817054
3062,38.18798919411483
3063,37.444740967676736
3064,37.680627043156036
3065,37.11370962929027
3066,37.936805586894366
3067,37.99804318590232
3068,37.21599016004877
3069,36.1470908626399
3070,37.574027159705125
3071,38.03438820638384
3072,38.120663200212114
3073,39.45796477894316
3074,39.32218733985325
3075,37.47949175084187
3076,37.26028400093381
3077,37.389652728955184
3078,37.88789782074812
3079,37.60542794181852
3080,37.959368183238475
3081,37.70479396003219
3082,37.870117400795
3083,38.07105288073533
3084,37.58890681969545
3085,37.89277228758308
3086,38.0675131539278
3087,38.1046806095552
3088,37.87341687144598
3089,38.26478809371758
3090,37.313207548828906
3091,37.92021596264985
3092,39.240834130308066
3093,37.264891551480304
3094,36.25871724121846
3095,39.36617931991942
3096,37.38865086899428
3097,39.24373111240112
3098,39.14258751051086
3099,37.395932546575544
3100,38.0039886364468
3101,39.419165945087464
3102,37.49461915229518
3103,37.620789701248576
3104,37.482326730151215
3105,35.89443789660399
3106,39.359460798927344
3107,39.224021894273136
3108,37.761462889292005
3109,39.240528836095706
3110,39.167748641422854
3111,37.829251681177986
3112,38.11008020269132
3113,38.91287597556569
3114,39.39583121284027
3115,37.31995255245784
3116,38.029519154738615
3117,35.932156968181935
3118,38.1420324660259
3119,37.98755741582113
3120,37.88981595184357
3121,37.431423971591485
3122,37.567039980403905
3123,38.073956590871305
3124,39.47744354005123
3125,37.679402891163434
3126,37.892060722642675
3127,36.09335277938365
3128,37.799874696986684
3129,36.21198005972326
3130,37.361831349070755
3131,37.781571033749856
3132,39.193196572796985
3133,37.66728919989664
3134,37.316288372010646
3135,37.47584040946386
3136,39.24826773703273
3137,39.3035054182556
3138,37.72492551077457
3139,38.082660258035105
3140,39.219128720809515
3141,37.95316568459404
3142,37.4149512616108
3143,37.72626349684497
3144,39.42754817845159
3145,37.590212616155206
3146,37.4631880905999
3147,38.11759870640529
3148,39.18667342342547
3149,37.583992951723346
3150,37.41727059311076
3151,37.90745180028329
3152,37.46273798942711
3153,39.24099437621624
3154,37.26706712062431
3155,37.681237097809024
3156,37.53450410226576
3157,39.41784479231715
3158,37.90461946548339
3159,37.460368951944524
3160,37.42343161648701
3161,36.07514968280203
3162,35.9892271942908
3163,39.09079623439177
3164,37.655635456038546
3165,38.274012432660484
3166,36.273438532553484
3167,36.078580957214264
3168,36.10371454950314
3169,39.164175565102255
3170,36.01998188419402
3171,37.388418872457144
3172,37.94988835424261
3173,37.548257762537204
3174,39.44733483935665
3175,37.66901847298005
3176,38.16725833151065
3177,39.44415531454737
3178,38.06791411312313
3179,37.72156113020903
3180,37.48790135812413
3181,39.32788599996027
3182,37.49106914943373
3183,36.17567192808098
3184,37.7251397674438
3185,37.61628523168296
3186,38.03094271155217
3187,36.136415224922615
3188,37.81670944050515
3189,37.59150530607385
3190,38.899353363377905
3191,37.59075381458325
3192,37.657022255256074
3193,37.53915689232858
3194,39.25065401466324
3195,37.53793832306199
3196,37.63170767805239
3197,37.58423208906423
3198,35.887357345898565
3199,37.69223575917359
3200,38.97166140842572
3201,38.14663913811954
3202,35.87345799835425
3203,37.9095655052126
3204,37.66238897996696
3205,37.29305786245981
3206,37.67527730532242
3207,37.829010626737016
3208,37.43471263720604
3209,37.515721085625486
3210,37.81415541335816
3211,37.45241882887382
3212,37.72757528928311
3213,37.60367429845709
3214,37.633164885962685
3215,37.96590440139864
3216,37.626743995953284
3217,37.66759301822917
3218,37.85157187765002
3219,37.807631995705734
3220,39.14078685882545
3221,37.97268185375303
3222,36.264615961814336
3223,36.055179160163775
3224,37.92250155045915
3225,37.255975572651515
3226,37.4076365008805
3227,37.32153588706046
3228,37.74320391650199
3229,37.689248896256856
3230,39.39253743964621
3231,39.709959404640394
3232,37.417669250453514
3233,37.94360765753666
3234,38.03513106799461
3235,39.228602092357754
3236,36.086640202948544
3237,37.75504655859192
3238,36.11502556587129
3239,39.448904371184284
3240,36.05076477654541
3241,37.4353558696194
3242,37.58518658402119
3243,37.38958351929647
3244,39.26852639641688
3245,37.4495866879862
3246,37.814091290376595
3247,37.37518241632703
3248,37.92901109684421
3249,37.721119094113284
3250,37.300496899950296
3251,37.985763087767225
3252,39.15464762189525
3253,36.158853760123435
3254,37.977464305075614
3255,37.51589769512014
3256,35.94040778016268
3257,37.34619450542803
3258,37.672792824065155
3259,36.099922037097784
3260,37.90144090144695
3261,38.11948270586784
3262,37.68224341564775
3263,39.37593791612702
3264,39.39247639671666
3265,37.70243302679193
3266,37.89815692220258
3267,37.517539567879325
3268,37.432390864749514
3269,37.81868814992438
3270,37.55751662747552
3271,37.96351105298743
3272,37.88092767157452
3273,37.59329545239987
3274,37.26999230040665
3275,39.28289387280788
3276,37.468888332159
3277,37.90588447719165
3278,37.68708305204286
3279,38.03300345389503
3280,37.98310623400564
3281,37.97635753945986
3282,37.92824994235998
3283,39.503663639104104
3284,37.613702920833454
3285,37.72412610361006
3286,38.02404023911292
3287,37.959936989975304
3288,37.89336699917372
3289,38.051711773480356
3290,37.63202848018183
3291,38.07532249684523
3292,37.92807486757614
3293,37.999520794222526
3294,37.567379153986835
3295,37.3020525239895
3296,39.15923935479942
3297,37.59032503096431
3298,37.61797061141995
3299,37.881472646669316
3300,38.18671877778383
3301,39.02371858145199
3302,37.589641561856496
3303,37.6927399028233
3304,36.06937600854241
3305,39.44128451529686
3306,39.108576631264114
3307,37.61864222386108
3308,37.69099452317553
3309,37.9481880615013
3310,39.11308790132167
3311,37.93722480717874
3312,39.223833511040894
3313,39.261524017780985
3314,39.62660642270802
3315,37.58734886823688
3316,39.66513529146473
3317,37.54440632934755
3318,39.760552042293625
3319,37.328015412101685
3320,35.77850253630369
3321,38.03094693895241
3322,37.727139651745794
3323,37.742748990828346
3324,37.97783472955048
3325,37.45282804271618
3326,36.198964109684994
3327,37.31136887869297
3328,37.32009343876437
3329,36.25899665045934
3330,39.47370440636588
3331,37.63273153204334
3332,37.90617804045103
3333,37.57363621415944
3334,38.13344806318376
3335,39.26242921191997
3336,37.66941269400688
3337,37.9335472693156
3338,39.06100042704601
3339,39.59950960741961
3340,37.55466733618144
3341,39.48499029697259
3342,39.695356437095185
3343,36.25952344304017
3344,38.04428248371105
3345,39.11341156628258
3346,39.11376948427015
3347,36.0016550321639
3348,39.20785714772727
3349,36.09303495884323
3350,37.720269204558775
3351,37.43892510406309
3352,38.12231889012155
3353,39.50236290775201
3354,39.29716105613196
3355,37.56286641322477
3356,37.63496766228249
3357,36.27564561619095
3358,37.54873317907816
3359,35.841550545641574
3360,37.947673904434154
3361,37.61170930082563
3362,38.135405082148615
3363,36.06868341488553
3364,37.56896977222352
3365,37.74971665383838
3366,37.556714766901514
3367,36.226032808112926
3368,39.48235991845988
3369,37.730001779623706
3370,37.67472133225819
3371,37.512327330497854
3372,37.490553006549405
3373,38.12850660796377
3374,39.33967063142804
3375,37.737201402694346
3376,37.499312166886554
3377,37.45338563068051
3378,39.41251473782912
3379,37.54630059285294
3380,37.735253380136996
3381,36.20237625509481
3382,37.682164978810235
3383,37.96843599148165
3384,37.82336380704693
3385,39.49996596601767
3386,37.84959493704516
3387,37.53697782962105
3388,39.40658004270674
3389,37.63889345334017
3390,37.94060451811948
3391,38.24551336071848
3392,39.5179095108102
3393,36.12542617761274
3394,38.07047579109817
3395,37.59222905315219
3396,37.88742781294554
3397,37.896132127023435
3398,37.881118546272
3399,37.98734542672108
3400,39.48835888848028
3401,39.34280646072906
3402,38.07093378270339
3403,37.70185745549706
3404,37.35140634320906
3405,37.438948329560205
3406,37.89631099601011
3407,37.34289913074208
3408,38.01096970026232
3409,37.59989528748325
3410,35.90835750927656
3411,37.64617426379831
3412,37.67606456166344
3413,37.940636003005714
3414,38.233510025510476
3415,37.86860715503566
3416,36.159178441584594
3417,37.66249712332718
3418,37.29272585975969
3419,37.40660614345243
3420,37.880017547789684
3421,37.89220731038442
3422,39.361209538673386
3423,39.20640322039378
3424,37.60817476412256
3425,38.066165839190134
3426,39.342141063047045
3427,36.21456922510487
3428,37.910475616375685
3429,37.77587608324906
3430,37.43808047150465
3431,37.548374508502604
3432,37.76649995713093
3433,37.93544225716568
3434,37.93549611223818
3435,37.82086914597538
3436,39.39188501947945
3437,39.44302925127389
3438,38.13683716526293
3439,36.2241879278254
3440,39.4138763454289
3441,37.694797404731716
3442,37.82128068624858
3443,37.932311900905034
3444,37.84490520839694
3445,37.74798703323576
3446,37.5476109965394
3447,37.788954511069555
3448,36.011212257912625
3449,37.969247181913516
3450,38.05506423616185
3451,37.375868878375606
3452,37.47100376687258
3453,39.14830670472163
3454,37.743274986465245
3455,39.16346980443173
3456,39.20792362339372
3457,38.029987843013096
3458,37.82789663530537
3459,37.91448085113802
3460,37.35805659599571
3461,37.92093490820413
3462,37.34897710688046
3463,37.900486769957446
3464,37.59357840129932
3465,36.188803113724674
3466,37.201629086889795
3467,38.09407111738204
3468,37.77453288826005
3469,39.43734949741681
3470,38.09174365249676
3471,36.12616358496731
3472,37.78347304649866
3473,37.71016115829349
3474,37.551946074184436
3475,37.93101606072243
3476,37.40010054719414
3477,35.900316999670736
3478,37.74090497495514
3479,39.37310831672647
3480,37.317831416232494
3481,38.00776630475099
3482,36.177027410764005
3483,38.05459359955054
3484,36.12864937078481
3485,37.71347036596035
3486,36.15718460058761
3487,36.28539800829805
3488,37.90746651601842
3489,37.189293453152835
3490,35.97417045887776
3491,37.501533357595164
3492,37.507065486113106
3493,37.82248992481963
3494,37.763364652147615
3495,37.948056935575785
3496,37.9266888101802
3497,37.947896232928564
3498,37.34543873588949
3499,37.922792044355326
3500,38.039855280115994
3501,37.83180821357194
3502,37.602895336133315
3503,37.913802321469085
3504,36.35434934013672
3505,37.946865280138795
3506,37.81239823141229
3507,37.62797503153167
3508,36.04386286993979
3509,37.898738005810706
3510,37.45293737542492
3511,39.64536321642252
3512,37.46693322986939
3513,37.74181967344033
3514,37.56997908674197
3515,39.17923146660667
3516,37.70942457495053
3517,37.53664970039521
3518,36.21516855939457
3519,39.248293468318565
3520,37.971221593954326
3521,36.1607987147581
3522,36.03159748660339
3523,36.21257039263677
3524,37.60291260116859
3525,37.78918200743081
3526,37.811613767733725
3527,37.27476140133018
3528,39.34962574048556
3529,37.66908852738283
3530,37.90198384688095
3531,39.57676740915863
3532,38.25976048349761
3533,37.69615887143181
3534,37.55961206233841
3535,37.6530686397727
3536,36.1247971428504
3537,37.83951481979655
3538,37.933275866297386
3539,39.29816863052649
3540,38.17682196885597
3541,39.396585989552435
3542,37.893747380588906
3543,39.32538259735817
3544,37.5229178105071
3545,37.557682216483144
3546,37.967481265282565
3547,39.399767846906286
3548,37.69828141948101
3549,37.514550122497646
3550,37.66135810069588
3551,38.20732017402708
3552,37.90819059743855
3553,39.113704084782334
3554,37.708673620266715
3555,37.844711383634255
3556,37.85141599613284
3557,37.46361604300965
3558,39.08233661976104
3559,37.43891285276025
3560,37.872107103698696
3561,37.44650684223486
3562,37.69928211246159
3563,37.85942393776449
3564,39.340850193815044
3565,39.40343450960457
3566,37.89471989542097
3567,37.57833492761502
3568,39.08221132248369
3569,37.543346363946064
3570,36.02152132011214
3571,37.77702887902813
3572,37.88419950262063
3573,36.130360118829714
3574,36.07469663491687
3575,37.71508252046253
3576,37.78478963018422
3577,37.84080769548805
3578,38.103040511354486
3579,37.6337072086407
3580,37.93723681677188
3581,37.76253706605728
3582,39.10089244494035
3583,36.45828984943057
3584,36.38293593503561
3585,37.28093336682605
3586,37.51209599979974
3587,37.615587344460806
3588,37.75897057815046
3589,36.15878467922758
3590,36.025096786511526
3591,37.53062258431769
3592,37.594336923701725
3593,37.45989718538309
3594,38.16844647693712
3595,35.80097022663423
3596,39.207877666984125
3597,39.42737103280387
3598,37.73320507369599
3599,39.35673384354894
3600,39.059907290673124
3601,37.851609094965916
3602,37.24902635475719
3603,39.30144234481725
3604,39.25852812413004
3605,37.41256528906824
3606,39.54241259158313
3607,39.27602106729936
3608,35.94838835301367
3609,37.77429740275363
3610,39.044048549077765
3611,39.191555812110906
3612,37.69223834925258
3613,37.857665256253654
3614,38.22368185161084
3615,37.387757525206275
3616,39.48905877873031
3617,37.347039542887465
3618,39.18878937185786
3619,37.68268191483935
3620,37.79722920082423
3621,37.39517397766252
3622,37.59988327909263
3623,39.27920985665308
3624,37.710931900300736
3625,38.128185967527166
3626,37.90649023612779
3627,37.44282445116034
3628,37.55124127297516
3629,38.020805681229604
3630,37.40992271648605
3631,37.432973603281255
3632,37.742489469425436
3633,39.25529369562529
3634,37.94353727154778
3635,36.235754269852514
3636,37.675253607596254
3637,37.67153881608795
3638,37.63214593017143
3639,37.20889851957769
3640,37.85040480038264
3641,37.60102853568184
3642,39.56950640646945
3643,38.096805151521764
3644,37.86293676690965
3645,39.67150870729548
3646,38.30003820970634
3647,37.90082733299761
3648,37.44866707839397
3649,38.09686349335088
3650,37.43791192081007
3651,39.42740731309722
3652,38.07806983887079
3653,37.99463768853446
3654,37.732606918429404
3655,37.97496572510557
3656,37.74072203746459
3657,37.85806501164398
3658,37.66928777468148
3659,38.00990496581129
3660,37.71345959280605
3661,38.14910952469216
3662,37.384911963580585
3663,35.97401963520984
3664,37.999722449498194
3665,37.405691520638534
3666,39.248955915886434
3667,37.53326651576495
3668,37.91577776830595
3669,38.15281805262162
3670,37.764448670210406
3671,39.40636187607754
3672,39.12925275455142
3673,37.68402182013965
3674,37.531467644770686
3675,37.85867049471149
3676,35.93870710633855
3677,37.38477263879135
3678,37.65025244611255
3679,38.11844181186276
3680,36.159070754275476
3681,37.94776192505556
3682,36.17211886922471
3683,39.19243043521787
3684,37.77954095942859
3685,37.85749965116319
3686,39.11393653670126
3687,36.053161892633156
3688,37.49751783375826
3689,37.88024783747844
3690,37.86425411813809
3691,38.187094171334884
3692,37.951180935387484
3693,37.96479072174015
3694,37.97973255248945
3695,37.999207575074024
3696,37.448963357606644
3697,39.299442678042716
3698,37.58989708367433
3699,37.963444109015754
3700,39.38244870566884
3701,39.65692706983617
3702,37.64004198055169
3703,37.3523430052936
3704,39.0655873573378
3705,39.53329157052018
3706,37.610431622433694
3707,37.48140704861109
3708,36.21354170904315
3709,37.57792423143265
3710,37.583450460009075
3711,37.473282762290374
3712,38.0985858859949
3713,39.356547475947046
3714,39.10383694535472
3715,37.537512258087055
3716,37.60043134143303
3717,38.11261607612179
3718,37.96444699585943
3719,37.85570239510707
3720,37.86741726136016
3721,37.78351857583046
3722,38.07200853357617
3723,37.5540203000038
3724,37.79495795474352
3725,37.71957940293623
3726,39.56197710833413
3727,37.76637019725172
3728,37.418523580343276
3729,37.463007084709176
3730,37.99557050858824
3731,37.346080917644194
3732,36.351488480170104
3733,39.239982210076015
3734,38.06144968407562
3735,39.070154415250734
3736,37.758782643424894
3737,37.48162557867862
3738,39.04812204800482
3739,37.76124830294257
3740,37.56390779004439
3741,39.90036144653356
3742,36.060411103374165
3743,37.57966893482983
3744,38.03552237216548
3745,37.805036346892784
3746,36.17530294615735
3747,39.35659109785742
3748,38.10562137816909
3749,37.44437593320621
3750,37.59443636365803
3751,37.94193341016806
3752,39.35558739969791
3753,36.14681612096583
3754,36.2588358686475
3755,36.12719687769804
3756,37.523205305757784
3757,37.97522769898662
3758,39.3036235324837
3759,37.44619509175793
3760,37.87596009930151
3761,36.041180046558495
3762,36.152112187600856
3763,37.72522220000733
3764,37.914239318487326
3765,37.33496859297203
3766,37.46074592944342
3767,39.54970345677378
3768,37.334074704789174
3769,39.1189302959626
3770,37.52552353280366
3771,37.53673642538564
3772,39.28988833433512
3773,37.59684470825236
3774,37.96583102095768
3775,37.766705600834136
3776,37.866299207860955
3777,38.21537841482563
3778,37.98865570436958
3779,35.94329441013976
3780,37.98935480128724
3781,36.14869657998731
3782,39.10375374144707
3783,37.66049373359898
3784,36.01633369042774
3785,37.22838759734816
3786,36.071966937296274
3787,36.07027136211581
3788,38.06176251712036
3789,37.60237937392438
3790,39.050307930035515
3791,37.29500001951105
3792,39.39046201976029
3793,38.082867277311564
3794,36.14554270912691
3795,37.75044649120259
3796,37.551199977472294
3797,37.441511773588076
3798,37.723450762524806
3799,37.64545797951276
3800,37.66677433671272
3801,37.588160107080476
3802,39.35052700313705
3803,38.019414473514345
3804,38.069828247585505
3805,36.23518308513445
3806,37.94843508910999
3807,37.44946156644594
3808,35.99914605772903
3809,38.20999324188677
3810,36.323679698884966
3811,38.080625061960156
3812,37.57598985249136
3813,37.38241533412821
3814,37.52768397083888
3815,37.739233328987424
3816,37.80766289291566
3817,39.27755673700235
3818,38.02974750366884
3819,39.203852001695196
3820,37.534171922328426
3821,39.343194100488745
3822,37.956365126953
3823,37.764827403818266
3824,37.56090392910062
3825,36.15873334766049
3826,39.25373245461033
3827,39.25124307472607
3828,37.647135487096826
3829,36.04106539856178
3830,38.13055601128215
3831,35.8996095706193
3832,38.025415399949395
3833,36.16532325723123
3834,37.7190084909741
3835,37.83890841255364
3836,39.026709124691756
3837,39.344160228309995
3838,37.578415185068465
3839,39.221653965502256
3840,37.68168369554646
3841,37.383298140696255
3842,38.020435782509956
3843,37.966038137998005
3844,37.338775078032235
3845,37.59298937311991
3846,37.67045678530982
3847,36.152931606569965
3848,37.48391329886593
3849,37.98137916089635
3850,37.32612456240061
3851,37.29401442732929
3852,39.05216183654525
3853,39.33084516001762
3854,37.85921916107178
3855,39.31592551665449
3856,36.238496234416495
3857,37.7630086483217
3858,38.04519476919771
3859,38.15792796890246
3860,39.0918922984454
3861,37.42425685727109
3862,37.826971284073664
3863,37.4341476993039
3864,37.41362291439394
3865,37.40993342936661
3866,39.28954367670711
3867,39.224484211490235
3868,37.62121802804709
3869,37.7374081978687
3870,39.21630378356874
3871,39.526136563429894
3872,37.592041530779
3873,38.13078622308025
3874,39.21876538901052
3875,37.89225591827115
3876,37.52555855610202
3877,37.34953397347719
3878,37.47871096147273
3879,37.92698085659599
3880,37.51251015190562
3881,37.58054634616717
3882,37.56390660827833
3883,37.92490797973181
3884,39.39389453461255
3885,37.820450139998904
3886,39.3371085127352
3887,37.7143543649915
3888,38.02430007995785
3889,37.862148146672546
3890,39.112704726829165
3891,37.56029132421659
3892,36.11663781540738
3893,37.83186944827832
3894,39.04074900691237
3895,38.0114235779154
3896,37.823992269885295
3897,37.723377994317495
3898,37.407538969653494
3899,37.83901844680917
3900,37.65415998904445
3901,37.8745788387074
3902,37.817935888280616
3903,37.97055894756775
3904,39.366212048690144
3905,37.95273608561114
3906,37.714713325364585
3907,37.80694530909849
3908,37.63693595170567
3909,39.38082777552761
3910,37.849666638579706
3911,37.538763182295256
3912,38.05568401992839
3913,39.371718606261545
3914,39.22029062954017
3915,39.31090164279768
3916,37.8126893828754
3917,37.56353697451021
3918,39.20406888195822
3919,37.692400794891675
3920,36.176665513615795
3921,37.935998008553725
3922,39.130707563565316
3923,39.1215951778538
3924,35.94200791497481
3925,39.65286702697698
3926,37.7867208489128
3927,38.015241369125334
3928,39.58139891372003
3929,36.33907041794791
3930,37.579679563500505
3931,37.64683080965928
3932,36.21383779781947
3933,37.77551184175137
3934,37.681258581524574
3935,37.283574453633186
3936,37.48124052711737
3937,37.888929495666886
3938,38.01542924307124
3939,38.018980342911846
3940,39.277246119271304
3941,39.13091778005663
3942,37.75277855370424
3943,39.255639321354614
3944,37.74204393718528
3945,37.46260714548905
3946,37.748874701512946
3947,38.045398283718264
3948,37.61584367314711
3949,37.61434222921509
3950,37.30056338500208
3951,39.43004122078557
3952,36.01983594777303
3953,37.856699952603385
3954,36.33050954813376
3955,37.77267548279326
3956,37.49923099830654
3957,37.385479064282286
3958,37.63598491514973
3959,37.8623201485498
3960,37.94951932801378
3961,37.78322100668767
3962,37.828327408939714
3963,39.08100276847605
3964,37.52757047268513
3965,37.45090405685308
3966,37.50097336268677
3967,37.87989374693213
3968,38.1657356698
3969,37.761758891073065
3970,36.166436948346806
3971,38.35786504665612
3972,37.866735987112584
3973,36.03995311211102
3974,37.81171594031785
3975,36.265007766107885
3976,37.94366318617949
3977,36.25151822287956
3978,37.43069020067707
3979,37.78996858208418
3980,37.50232399427052
3981,36.26978753940768
3982,39.280704257877055
3983,37.93424556414884
3984,37.79225756698609
3985,37.84215571455181
3986,37.85700301669183
3987,37.87310190569267
3988,37.87415487833555
3989,39.290472797232056
3990,37.93024769680493
3991,38.03301741387079
3992,37.86359270043001
3993,37.61458199363136
3994,37.61872365928031
3995,39.563662126152586
3996,38.104771972376405
3997,37.43677143289325
3998,37.411691074393666
3999,37.29502928966061
4000,36.145829642014064
4001,39.16421666111451
4002,39.29605853593658
4003,37.57888116314799
4004,37.55050621285554
4005,38.095607681014044
4006,39.32300208502685
4007,37.90955762923765
4008,37.70338195306155
4009,36.00264142006016
4010,37.799670446605894
4011,37.8912894493735
4012,37.65418667278389
4013,36.11973035052979
4014,37.75439489020296
4015,37.65966673529212
4016,37.65368682327241
4017,37.46024244508126
4018,37.33497521017625
4019,39.37008221670727
4020,37.434229372366914
4021,37.7131125716585
4022,36.17629488787748
4023,37.618522111362196
4024,37.88060555847144
4025,37.5820086694419
4026,37.56986913600096
4027,37.48749345226642
4028,37.761266287153745
4029,37.61829549283537
4030,39.268251299275015
4031,39.15030609735111
4032,37.420137805699234
4033,37.57208874704792
4034,36.164539816910484
4035,37.98126557646726
4036,37.66595355048515
4037,37.687447079337666
4038,37.58528385915997
4039,37.19843454761012
4040,37.9373552806012
4041,39.48707820272931
4042,36.32587284437896
4043,36.059866095613195
4044,37.89918135743929
4045,37.82217429765453
4046,39.62457285217893
4047,37.9761203769318
4048,37.829236515840265
4049,39.29452033770036
4050,36.13052261592567
4051,37.80590637660017
4052,37.65732393149572
4053,39.1649577505706
4054,37.69530436614127
4055,37.899871410212846
4056,37.837978370160975
4057,37.51074656369689
4058,37.52574598990181
4059,37.697068078085856
4060,36.04896331229769
4061,37.91373578867382
4062,38.0345080538345
4063,39.32851754910684
4064,39.29317959828824
4065,37.71146972858096
4066,37.593335715447694
4067,37.314123196799414
4068,35.82683712326883
4069,39.04877315781031
4070,37.44345041701724
4071,37.40029909415084
4072,36.32282068519674
4073,37.67215249935979
4074,37.72489253399171
4075,37.66499886859304
4076,39.43545450624935
4077,39.348503047887746
4078,37.490532946640016
4079,37.43129090468278
4080,36.165623821957254
4081,37.69402822298302
4082,39.206243173890414
4083,39.18675936766704
4084,39.090801642844426
4085,37.98749887147243
4086,39.04986784106477
4087,35.72638214835954
4088,39.29571350743829
4089,37.52194151858214
4090,37.816714241357175
4091,37.764007005681336
4092,38.103593433489856
4093,37.549796830585485
4094,39.40880385868685
4095,37.77180315496443
4096,37.83199087298547
4097,38.049669243897824
4098,37.771009097609536
4099,37.493994477997944
4100,37.602673990316745
4101,39.442140812691655
4102,37.465030204031386
4103,37.42727184146727
4104,37.3729516671179
4105,39.35095871141949
4106,39.53000767844334
4107,37.31576815163785
4108,36.07790814047102
4109,39.475821711927225
4110,39.046879671385376
4111,36.3569341789147
4112,39.13251039525071
4113,37.20733619327101
4114,35.95696211732697
4115,37.56367432445952
4116,37.96305622861313
4117,37.521574970190606
4118,37.84931148788914
4119,38.03661341808176
4120,38.178671456243514
4121,37.59975546456392
4122,37.91788367061303
4123,37.33348929178964
4124,37.34207648035671
4125,36.22648238236937
4126,37.32851853518684
4127,38.102568973601215
4128,37.93856763883797
4129,36.079669682680205
4130,38.08463453017857
4131,37.98825423549515
4132,38.15375720484993
4133,38.10625065468581
4134,37.79192063049708
4135,37.52339616015669
4136,38.12026656461099
4137,37.640206583554985
4138,37.834312689870764
4139,35.85310475234258
4140,37.5431703807364
4141,37.50718911759128
4142,37.63851067997384
4143,39.29025135883854
4144,37.821145806380216
4145,37.71158384891905
4146,37.50289024958198
4147,37.57216773985337
4148,38.18693671854093
4149,37.39282352043753
4150,39.2077539727171
4151,37.32708338992675
4152,39.392693962338896
4153,36.09673495671685
4154,35.96836918753735
4155,39.23672758317498
4156,39.27906776709344
4157,37.7206669100403
4158,39.25306661847745
4159,37.223714848299345
4160,39.256867090524004
4161,37.22942147787172
4162,37.86519407757261
4163,37.32979909482673
4164,37.62872156441263
4165,37.56542037713471
4166,38.158066850530425
4167,37.635382143059104
4168,36.20523414073111
4169,36.04798044798131
4170,36.12120171451794
4171,35.90424970341645
4172,36.07826591970105
4173,38.040571551657926
4174,37.87175383755866
4175,37.628778509026375
4176,39.133915846847295
4177,36.15830948769729
4178,37.95867313344679
4179,37.462156836578494
4180,37.85916795193257
4181,37.52440274598618
4182,37.429417315071944
4183,36.083073564930444
4184,37.46750578322508
4185,36.16449502750658
4186,37.75931078009124
4187,37.7873753741662
4188,37.63370534704621
4189,36.0368901045484
4190,37.66804084399818
4191,37.76153466745049
4192,37.510255654570955
4193,36.204574690345446
4194,37.634896710788865
4195,37.829366264820784
4196,38.18581252853865
4197,36.2969388015175
4198,36.3112235840531
4199,37.29755879282051
4200,39.30964650867023
4201,37.19781398844707
4202,38.063981187462495
4203,37.76742927431905
4204,36.221438198849405
4205,37.67436166656017
4206,37.84005573341911
4207,36.034945387253806
4208,39.38851288281235
4209,37.86573057247646
4210,38.119017288677746
4211,37.50570573038687
4212,38.026628598757604
4213,39.15274051813654
4214,37.36651983343954
4215,39.12746061985874
4216,39.347578431291566
4217,37.75352487218208
4218,37.447025583833565
4219,37.95146207262365
4220,37.973777498842864
4221,37.53676723089958
4222,37.4629693549942
4223,39.56723871211983
4224,37.71120155210611
4225,37.70341059723924
4226,37.701434029998964
4227,37.87420568708039
4228,39.20107539899444
4229,37.80077051090149
4230,36.02684155415541
4231,37.622094301703235
4232,39.244014380506016
4233,36.08951394625685
4234,37.71391553103827
4235,38.167522549693366
4236,37.65451037780961
4237,38.901640797580846
4238,37.181805903835134
4239,37.882995041015015
4240,39.013964989770734
4241,37.94280242393109
4242,37.796627337159116
4243,37.885489839415605
4244,37.59958328700187
4245,37.74807960969061
4246,37.94389643401829
4247,36.259659619896965
4248,37.779407867136406
4249,37.62995777349856
4250,37.81319540010483
4251,37.76419408219376
4252,38.8667842107694
4253,38.09764549959902
4254,37.286732057832026
4255,37.60579028083513
4256,36.3035773267557
4257,39.45465614943843
4258,36.26974474963782
4259,39.02222679605215
4260,38.000694469507714
4261,37.341273731898255
4262,37.828204604368146
4263,37.430110232649945
4264,39.19902641743239
4265,37.665986538420775
4266,38.10869050003245
4267,36.170717453800115
4268,37.37430393682272
4269,39.29379193211387
